date,letters
1805-10-26,1
1805-10-27,2
1805-10-30,1
1840-01-01,1
1840-07-20,1
1841-01-01,1
1842-01-01,1
1843-01-01,1
1844-01-01,1
1844-05-29,1
1844-08-03,1
1845-01-01,1
1845-08-25,1
1845-08-28,1
1846-01-01,3
1847-01-01,5
1847-01-30,1
1847-03-01,2
1847-03-05,1
1847-03-06,1
1847-03-17,1
1847-03-18,1
1847-03-19,1
1847-03-20,1
1847-03-21,2
1847-03-22,1
1847-03-24,1
1847-03-25,1
1847-03-26,1
1847-04-06,1
1847-04-07,1
1847-04-09,1
1847-04-10,1
1847-04-12,1
1847-04-17,1
1847-04-18,1
1847-04-19,1
1847-06-04,1
1847-06-07,1
1847-06-14,1
1847-06-15,1
1847-06-16,1
1848-01-01,2
1848-10-19,1
1848-10-26,1
1848-10-27,1
1848-11-01,2
1848-11-03,2
1848-11-04,2
1848-11-05,2
1848-11-06,1
1848-11-15,2
1848-11-18,1
1848-11-22,1
1848-12-01,4
1848-12-02,2
1848-12-03,2
1848-12-10,1
1848-12-16,1
1849-02-13,1
1849-03-15,1
1849-03-25,1
1849-03-30,1
1849-03-31,1
1849-04-20,1
1849-04-30,1
1849-05-01,2
1849-05-11,1
1849-05-20,1
1849-12-01,2
1850-01-01,2
1850-01-10,1
1850-02-01,1
1850-04-20,1
1850-06-14,1
1850-11-01,1
1850-11-18,1
1850-12-04,1
1850-12-07,1
1850-12-08,1
1850-12-09,1
1850-12-11,1
1850-12-13,1
1850-12-14,1
1850-12-15,2
1850-12-16,1
1850-12-17,1
1850-12-18,1
1850-12-19,1
1850-12-20,1
1850-12-21,1
1850-12-22,2
1850-12-24,2
1850-12-26,1
1850-12-27,1
1850-12-28,1
1850-12-30,1
1850-12-31,1
1851-01-01,3
1851-01-17,1
1851-02-01,1
1851-02-28,1
1851-03-01,7
1851-03-06,1
1851-03-08,1
1851-03-10,1
1851-03-11,1
1851-03-12,1
1851-03-13,1
1851-03-15,1
1851-03-17,1
1851-03-19,1
1851-03-20,1
1851-03-23,1
1851-03-26,1
1851-03-29,1
1851-03-30,1
1851-04-01,1
1851-04-04,2
1851-04-05,1
1851-04-06,1
1851-04-13,1
1851-04-14,1
1851-04-15,1
1851-04-30,1
1851-05-01,1
1851-05-08,1
1851-05-20,1
1851-05-26,1
1851-05-27,1
1851-05-30,1
1851-06-01,1
1851-06-02,3
1851-06-04,1
1851-06-08,1
1851-06-12,1
1851-06-13,1
1851-06-15,1
1851-06-16,1
1851-06-17,1
1851-06-18,1
1851-06-20,1
1851-06-22,2
1851-06-24,1
1851-07-03,1
1851-08-10,1
1851-08-17,1
1851-08-22,1
1851-08-23,1
1851-08-25,1
1851-08-26,1
1851-09-04,1
1851-11-12,1
1851-11-29,1
1851-12-10,1
1851-12-15,1
1851-12-22,1
1851-12-23,1
1851-12-31,1
1852-01-01,3
1852-01-03,1
1852-01-06,1
1852-01-07,1
1852-01-12,1
1852-02-01,1
1852-02-05,1
1852-02-28,1
1852-03-02,1
1852-03-20,2
1852-03-21,1
1852-03-22,1
1852-03-23,1
1852-03-24,1
1852-03-27,1
1852-03-28,2
1852-03-29,1
1852-03-31,1
1852-04-01,7
1852-04-04,1
1852-04-08,1
1852-04-10,1
1852-04-11,1
1852-04-12,1
1852-04-13,1
1852-04-14,1
1852-04-15,1
1852-04-16,1
1852-04-17,1
1852-04-18,1
1852-04-19,1
1852-04-20,1
1852-04-21,1
1852-04-22,1
1852-04-23,1
1852-04-24,1
1852-04-25,1
1852-04-26,1
1852-04-27,1
1852-04-28,1
1852-04-29,1
1852-04-30,1
1852-05-01,1
1852-05-09,1
1852-05-10,1
1852-05-11,1
1852-05-12,1
1852-05-13,1
1852-05-14,1
1852-05-16,1
1852-05-17,1
1852-05-18,1
1852-05-19,1
1852-05-20,1
1852-05-21,1
1852-05-22,1
1852-05-23,1
1852-05-24,1
1852-05-25,1
1852-05-26,1
1852-05-28,1
1852-05-29,1
1852-05-30,1
1852-05-31,1
1852-06-01,2
1852-06-03,2
1852-06-04,1
1852-06-05,1
1852-06-06,1
1852-06-12,1
1852-06-13,1
1852-06-14,1
1852-06-15,1
1852-06-16,1
1852-06-17,1
1852-06-19,1
1852-06-20,1
1852-06-21,1
1852-06-22,1
1852-06-23,1
1852-06-24,1
1852-06-25,1
1852-06-26,2
1852-06-27,1
1852-06-28,1
1852-06-29,1
1852-06-30,1
1852-07-01,1
1852-07-02,1
1852-07-03,2
1852-07-04,2
1852-07-06,1
1852-07-07,1
1852-07-08,1
1852-07-09,1
1852-07-10,1
1852-07-11,1
1852-07-12,1
1852-07-13,1
1852-07-14,1
1852-07-15,1
1852-07-16,1
1852-07-17,1
1852-07-18,1
1852-07-19,1
1852-07-20,1
1852-07-21,1
1852-07-22,1
1852-07-23,1
1852-07-24,1
1852-07-25,1
1852-07-26,1
1852-07-27,1
1852-08-01,1
1852-08-02,1
1852-08-05,1
1852-08-06,1
1852-08-08,1
1852-08-10,1
1852-08-13,1
1852-08-15,1
1852-08-24,1
1852-09-01,1
1852-09-03,1
1852-09-10,1
1852-09-15,1
1852-09-16,1
1852-09-17,1
1852-09-22,1
1852-09-26,1
1852-09-27,1
1852-09-28,1
1852-09-30,1
1852-10-01,1
1852-10-02,1
1852-10-03,1
1852-10-04,1
1852-10-05,1
1852-10-06,1
1852-10-07,1
1852-10-08,1
1852-10-09,1
1852-10-10,1
1852-10-11,1
1852-10-12,1
1852-10-13,1
1852-10-14,1
1852-10-15,1
1852-10-16,1
1852-10-17,1
1852-10-18,1
1852-10-19,1
1852-10-20,1
1852-10-21,1
1852-10-22,1
1852-10-23,1
1852-10-24,1
1852-10-26,1
1852-10-28,1
1852-11-18,1
1852-11-27,1
1852-12-10,1
1852-12-26,1
1853-01-01,5
1853-01-04,1
1853-01-16,1
1853-01-20,1
1853-01-23,1
1853-02-10,1
1853-02-20,1
1853-03-10,1
1853-03-24,1
1853-04-01,1
1853-04-16,1
1853-04-17,2
1853-04-18,1
1853-04-19,1
1853-04-25,1
1853-04-27,1
1853-04-28,1
1853-04-29,1
1853-04-30,1
1853-05-01,1
1853-05-03,1
1853-05-07,1
1853-05-15,1
1853-05-22,1
1853-05-27,1
1853-05-29,1
1853-05-30,1
1853-05-31,1
1853-06-01,1
1853-06-06,1
1853-07-01,1
1853-07-15,1
1853-07-20,1
1853-08-01,1
1853-08-04,1
1853-08-06,1
1853-08-07,1
1853-08-08,1
1853-08-09,1
1853-08-11,1
1853-08-14,1
1853-08-16,1
1853-08-28,1
1853-08-29,1
1853-08-31,1
1853-09-01,2
1853-09-04,1
1853-09-09,1
1853-09-10,1
1853-09-11,1
1853-09-12,1
1853-09-13,1
1853-09-14,1
1853-09-15,1
1853-09-16,1
1853-09-17,2
1853-09-19,1
1853-09-23,1
1853-09-26,1
1853-09-28,1
1853-10-01,1
1853-10-03,1
1853-10-06,2
1853-10-08,1
1853-10-11,1
1853-10-14,1
1853-10-15,2
1853-10-16,3
1853-10-17,2
1853-10-18,2
1853-10-19,1
1853-10-20,1
1853-10-22,3
1853-10-23,1
1853-10-24,2
1853-10-25,2
1853-10-26,1
1853-11-26,1
1854-01-01,6
1854-01-03,1
1854-01-05,1
1854-01-17,1
1854-01-19,1
1854-01-20,1
1854-01-21,1
1854-01-27,1
1854-02-02,3
1854-02-03,1
1854-02-04,1
1854-02-06,1
1854-02-07,1
1854-02-08,1
1854-02-10,1
1854-02-13,1
1854-02-15,1
1854-02-18,1
1854-03-13,1
1854-03-14,1
1854-04-30,1
1854-05-24,1
1854-06-15,1
1854-06-19,1
1854-06-23,1
1854-06-24,1
1854-06-29,1
1854-06-30,1
1854-07-01,2
1854-07-02,1
1854-07-04,1
1854-07-05,2
1854-07-06,1
1854-07-07,1
1854-07-08,1
1854-07-09,1
1854-07-10,1
1854-07-11,2
1854-07-12,1
1854-07-14,1
1854-07-15,1
1854-07-16,1
1854-07-18,1
1854-07-20,1
1854-07-21,1
1854-07-22,1
1854-07-23,1
1854-07-24,1
1854-07-25,1
1854-07-26,1
1854-07-27,1
1854-07-28,1
1854-07-29,1
1854-07-30,1
1854-07-31,1
1854-08-01,2
1854-08-02,1
1854-08-03,3
1854-08-04,1
1854-08-05,1
1854-08-06,1
1854-08-11,1
1854-08-12,1
1854-08-13,1
1854-08-14,1
1854-08-15,1
1854-08-18,1
1854-08-19,1
1854-08-20,1
1854-08-21,1
1854-08-24,1
1854-08-26,1
1854-08-27,1
1854-08-28,1
1854-08-29,1
1854-08-30,1
1854-08-31,1
1854-09-02,1
1854-09-03,1
1854-09-04,1
1854-09-05,1
1854-09-06,1
1854-09-07,1
1854-09-08,1
1854-09-09,1
1854-09-10,1
1854-09-16,1
1854-09-17,1
1854-09-18,1
1854-09-19,1
1854-09-20,1
1854-09-21,1
1854-09-22,1
1854-10-03,1
1854-10-05,2
1854-10-10,1
1854-10-17,1
1854-10-21,1
1854-10-29,1
1854-10-30,1
1854-10-31,1
1854-11-01,1
1854-11-02,1
1854-11-05,1
1854-11-06,1
1854-11-07,1
1854-11-11,1
1854-11-13,1
1854-11-18,1
1854-11-20,2
1854-11-23,1
1854-11-25,1
1854-11-26,1
1854-12-01,1
1854-12-02,1
1854-12-03,1
1854-12-07,1
1854-12-10,1
1854-12-11,1
1854-12-14,1
1854-12-15,1
1854-12-16,1
1854-12-17,2
1854-12-18,2
1854-12-19,2
1854-12-20,2
1854-12-21,1
1854-12-22,1
1854-12-23,3
1854-12-24,1
1854-12-26,2
1854-12-27,1
1854-12-28,1
1854-12-31,1
1855-01-01,2
1855-01-06,1
1855-01-11,1
1855-01-15,1
1855-01-23,1
1855-01-28,1
1855-02-02,1
1855-02-03,1
1855-02-05,1
1855-02-08,1
1855-02-12,1
1855-02-14,1
1855-02-16,1
1855-02-19,1
1855-02-20,1
1855-02-24,1
1855-03-01,1
1855-03-04,1
1855-03-11,1
1855-03-12,1
1855-03-13,2
1855-03-16,1
1855-03-17,1
1855-03-18,1
1855-03-20,1
1855-03-21,1
1855-03-27,1
1855-03-28,1
1855-03-29,1
1855-04-01,1
1855-04-02,1
1855-04-03,1
1855-04-11,1
1855-04-12,1
1855-04-13,1
1855-04-14,1
1855-04-24,1
1855-04-30,2
1855-05-02,1
1855-05-03,1
1855-05-05,1
1855-05-07,1
1855-05-08,1
1855-05-19,1
1855-05-31,1
1855-06-01,4
1855-06-02,3
1855-06-03,1
1855-06-04,1
1855-06-05,3
1855-06-07,1
1855-06-09,1
1855-06-10,1
1855-06-14,1
1855-06-16,2
1855-06-18,1
1855-06-21,1
1855-06-22,2
1855-06-23,1
1855-06-24,1
1855-06-25,1
1855-06-26,1
1855-06-29,1
1855-06-30,3
1855-07-01,3
1855-07-02,3
1855-07-03,5
1855-07-04,3
1855-07-07,1
1855-07-08,1
1855-07-09,1
1855-07-10,2
1855-07-11,1
1855-07-12,1
1855-07-13,1
1855-07-14,1
1855-07-15,1
1855-07-16,1
1855-07-18,1
1855-07-20,1
1855-07-21,1
1855-07-23,1
1855-07-26,1
1855-07-27,1
1855-07-28,1
1855-07-30,1
1855-07-31,1
1855-08-01,2
1855-08-02,1
1855-08-04,1
1855-08-05,1
1855-08-07,2
1855-08-08,2
1855-08-09,1
1855-08-11,1
1855-08-12,1
1855-08-16,1
1855-08-18,1
1855-08-25,1
1855-09-01,1
1855-09-02,1
1855-09-03,1
1855-09-04,1
1855-09-17,1
1855-09-19,1
1855-09-20,1
1855-09-21,1
1855-09-23,1
1855-09-24,1
1855-09-26,1
1855-10-01,1
1855-10-02,1
1855-10-10,1
1855-10-11,1
1855-10-15,1
1855-10-23,1
1855-10-27,1
1855-11-21,1
1855-12-31,2
1856-01-01,4
1856-01-10,1
1856-02-01,2
1856-02-02,1
1856-02-04,1
1856-02-05,1
1856-02-06,1
1856-02-07,1
1856-02-12,1
1856-02-19,1
1856-03-12,1
1856-03-16,1
1856-03-21,1
1856-03-25,1
1856-03-29,1
1856-04-04,1
1856-04-12,1
1856-04-15,1
1856-04-19,1
1856-04-20,1
1856-04-21,1
1856-04-22,1
1856-04-23,1
1856-04-24,1
1856-04-25,2
1856-04-26,1
1856-05-05,2
1856-05-08,1
1856-05-10,3
1856-05-11,1
1856-05-12,1
1856-05-13,1
1856-05-14,2
1856-05-15,1
1856-05-16,1
1856-05-17,1
1856-05-18,1
1856-05-19,1
1856-05-20,1
1856-05-21,1
1856-05-22,1
1856-05-23,2
1856-05-24,1
1856-05-25,1
1856-05-26,2
1856-05-27,1
1856-05-28,2
1856-05-29,4
1856-05-30,2
1856-05-31,2
1856-06-01,2
1856-06-02,1
1856-06-03,1
1856-06-04,1
1856-06-05,2
1856-06-06,1
1856-06-07,1
1856-06-08,1
1856-06-09,3
1856-06-10,1
1856-06-11,1
1856-06-12,2
1856-06-13,1
1856-06-14,1
1856-06-15,1
1856-06-16,1
1856-06-17,1
1856-06-18,1
1856-06-19,1
1856-06-21,1
1856-06-22,1
1856-06-23,1
1856-06-24,1
1856-06-25,1
1856-06-26,1
1856-06-27,1
1856-06-28,1
1856-06-29,2
1856-06-30,3
1856-07-01,1
1856-07-02,2
1856-07-03,1
1856-07-04,1
1856-07-05,1
1856-07-06,1
1856-07-07,1
1856-07-08,1
1856-07-09,2
1856-07-10,2
1856-07-11,1
1856-07-12,2
1856-07-13,2
1856-07-14,2
1856-07-15,1
1856-07-16,1
1856-07-17,1
1856-07-18,1
1856-07-19,1
1856-07-20,1
1856-07-21,1
1856-07-24,1
1856-07-25,1
1856-07-26,1
1856-07-27,1
1856-07-29,1
1856-07-31,2
1856-08-01,1
1856-08-02,1
1856-08-03,1
1856-08-06,2
1856-08-09,1
1856-08-10,1
1856-08-11,1
1856-08-12,1
1856-08-13,1
1856-08-14,1
1856-08-15,1
1856-08-16,1
1856-08-17,2
1856-08-18,2
1856-08-19,1
1856-08-20,1
1856-08-21,1
1856-08-22,1
1856-08-23,2
1856-08-25,1
1856-08-26,1
1856-08-27,1
1856-08-28,1
1856-08-29,1
1856-08-30,1
1856-08-31,1
1856-09-01,2
1856-09-02,1
1856-09-03,1
1856-09-04,1
1856-09-06,1
1856-09-07,1
1856-09-08,2
1856-09-10,1
1856-09-12,1
1856-09-13,1
1856-09-15,1
1856-09-16,1
1856-09-20,1
1856-09-21,1
1856-09-22,1
1856-09-26,1
1856-09-28,1
1856-09-30,1
1856-10-01,3
1856-10-02,1
1856-10-03,1
1856-10-06,1
1856-10-07,1
1856-10-11,1
1856-10-12,1
1856-10-13,1
1856-10-14,1
1856-10-15,2
1856-10-16,1
1856-10-17,2
1856-10-18,1
1856-10-19,4
1856-10-20,1
1856-10-21,1
1856-10-22,1
1856-10-24,1
1856-10-25,2
1856-10-26,2
1856-10-27,1
1856-10-28,1
1856-10-29,1
1856-10-30,1
1856-10-31,1
1856-11-01,2
1856-11-02,2
1856-11-03,1
1856-11-04,1
1856-11-06,1
1856-11-07,1
1856-11-08,3
1856-11-09,2
1856-11-10,2
1856-11-11,1
1856-11-12,2
1856-11-13,1
1856-11-14,1
1856-11-15,1
1856-11-16,1
1856-11-17,2
1856-11-18,2
1856-11-19,2
1856-11-20,1
1856-11-21,1
1856-11-22,1
1856-11-23,2
1856-11-24,1
1856-11-25,1
1856-11-26,1
1856-11-27,2
1856-11-28,1
1856-11-29,1
1856-11-30,1
1856-12-01,5
1856-12-02,1
1856-12-03,1
1856-12-04,2
1856-12-05,3
1856-12-06,1
1856-12-07,2
1856-12-08,1
1856-12-09,1
1856-12-11,1
1856-12-12,2
1856-12-13,1
1856-12-14,2
1856-12-15,1
1856-12-16,1
1856-12-17,1
1856-12-18,1
1856-12-19,1
1856-12-20,1
1856-12-21,2
1856-12-22,1
1856-12-23,1
1856-12-25,1
1856-12-26,1
1856-12-27,1
1856-12-28,1
1856-12-29,2
1856-12-30,1
1856-12-31,2
1857-01-01,6
1857-01-02,2
1857-01-03,1
1857-01-04,2
1857-01-05,2
1857-01-06,1
1857-01-07,1
1857-01-08,1
1857-01-09,1
1857-01-10,1
1857-01-11,1
1857-01-12,1
1857-01-13,1
1857-01-14,3
1857-01-15,1
1857-01-19,1
1857-01-25,1
1857-01-28,2
1857-01-29,3
1857-02-01,2
1857-02-02,1
1857-02-03,1
1857-02-04,2
1857-02-10,1
1857-02-13,1
1857-02-16,1
1857-02-21,2
1857-02-22,1
1857-02-23,1
1857-02-24,1
1857-02-26,1
1857-02-27,1
1857-02-28,1
1857-03-01,2
1857-03-03,1
1857-03-05,3
1857-03-06,1
1857-03-08,1
1857-03-09,2
1857-03-10,2
1857-03-11,2
1857-03-12,1
1857-03-15,1
1857-03-18,1
1857-03-19,1
1857-03-21,1
1857-03-22,1
1857-03-23,2
1857-03-24,1
1857-03-25,1
1857-03-26,1
1857-03-27,1
1857-03-28,1
1857-03-30,1
1857-03-31,1
1857-04-01,3
1857-04-02,3
1857-04-03,1
1857-04-04,2
1857-04-05,2
1857-04-06,1
1857-04-07,1
1857-04-08,1
1857-04-09,2
1857-04-10,1
1857-04-11,2
1857-04-12,1
1857-04-13,2
1857-04-14,1
1857-04-15,1
1857-04-16,1
1857-04-17,1
1857-04-18,1
1857-04-19,1
1857-04-20,1
1857-04-21,1
1857-04-22,1
1857-04-23,1
1857-04-24,1
1857-04-25,1
1857-04-26,1
1857-04-27,1
1857-04-28,1
1857-04-29,1
1857-04-30,1
1857-05-01,5
1857-05-02,2
1857-05-03,1
1857-05-04,1
1857-05-05,1
1857-05-06,2
1857-05-07,2
1857-05-08,1
1857-05-09,1
1857-05-10,1
1857-05-11,2
1857-05-12,1
1857-05-13,1
1857-05-14,1
1857-05-15,1
1857-05-16,2
1857-05-17,1
1857-05-18,1
1857-05-19,1
1857-05-20,1
1857-05-21,1
1857-05-22,1
1857-05-24,1
1857-05-25,1
1857-06-01,4
1857-06-06,1
1857-06-08,3
1857-06-09,2
1857-06-12,1
1857-06-14,1
1857-06-18,1
1857-06-19,1
1857-06-20,1
1857-06-22,1
1857-06-27,1
1857-07-01,4
1857-07-05,1
1857-07-06,1
1857-07-07,1
1857-07-09,1
1857-07-12,1
1857-07-16,1
1857-07-19,1
1857-07-23,1
1857-08-04,1
1857-08-08,1
1857-08-10,1
1857-08-18,1
1857-08-20,1
1857-09-12,1
1857-09-14,1
1857-09-23,1
1857-10-01,1
1857-10-11,1
1857-10-17,1
1857-10-18,1
1857-11-01,1
1857-11-11,1
1857-11-25,1
1857-11-27,1
1857-11-28,2
1857-12-02,1
1857-12-06,1
1857-12-11,1
1857-12-18,1
1858-01-01,5
1858-01-04,1
1858-01-05,2
1858-01-06,1
1858-01-07,1
1858-01-08,1
1858-01-14,1
1858-01-15,1
1858-01-16,1
1858-01-17,1
1858-01-18,2
1858-01-19,1
1858-01-20,1
1858-01-21,3
1858-01-23,1
1858-01-24,1
1858-01-25,1
1858-01-26,1
1858-01-27,1
1858-01-28,1
1858-01-29,1
1858-01-30,1
1858-01-31,1
1858-02-01,1
1858-02-02,2
1858-02-03,1
1858-02-04,1
1858-02-05,1
1858-02-06,1
1858-02-07,1
1858-02-08,1
1858-02-09,1
1858-02-12,1
1858-02-15,1
1858-02-16,1
1858-02-17,2
1858-02-18,1
1858-02-24,1
1858-02-25,1
1858-02-26,2
1858-02-27,1
1858-02-28,1
1858-03-02,1
1858-03-04,1
1858-03-07,1
1858-03-10,1
1858-03-11,1
1858-03-12,1
1858-03-15,1
1858-03-16,1
1858-03-17,1
1858-03-18,3
1858-03-19,2
1858-03-21,1
1858-03-22,1
1858-03-23,2
1858-03-24,2
1858-03-25,2
1858-03-26,1
1858-03-27,1
1858-03-28,2
1858-03-29,1
1858-03-30,2
1858-03-31,1
1858-04-01,4
1858-04-02,1
1858-04-05,1
1858-04-06,2
1858-04-07,1
1858-04-08,1
1858-04-09,1
1858-04-10,1
1858-04-11,2
1858-04-12,1
1858-04-13,2
1858-04-14,3
1858-04-16,2
1858-04-17,1
1858-04-19,1
1858-04-20,3
1858-04-21,1
1858-04-22,1
1858-04-23,2
1858-04-24,1
1858-04-25,1
1858-04-26,1
1858-04-30,1
1858-05-01,6
1858-05-02,1
1858-05-08,1
1858-05-09,2
1858-05-12,2
1858-05-13,1
1858-05-16,1
1858-05-18,1
1858-05-21,1
1858-05-26,1
1858-06-01,1
1858-06-12,1
1858-06-13,1
1858-06-14,1
1858-06-16,1
1858-06-26,1
1858-07-19,1
1858-07-22,1
1858-08-05,1
1858-08-23,2
1858-09-05,1
1858-09-10,1
1858-09-15,2
1858-09-16,1
1858-09-17,1
1858-09-18,1
1858-09-19,1
1858-09-20,1
1858-09-30,1
1858-10-04,1
1858-10-30,1
1858-12-06,1
1858-12-08,1
1858-12-12,1
1858-12-15,1
1858-12-23,1
1858-12-25,1
1859-01-01,6
1859-01-21,1
1859-02-16,1
1859-02-19,1
1859-03-01,1
1859-03-10,2
1859-03-26,1
1859-03-27,1
1859-04-05,2
1859-04-09,4
1859-04-11,1
1859-04-15,2
1859-04-16,1
1859-04-26,1
1859-04-27,1
1859-05-03,2
1859-05-09,1
1859-05-11,2
1859-05-16,1
1859-05-17,1
1859-05-22,1
1859-05-28,1
1859-06-12,1
1859-06-22,1
1859-07-06,1
1859-08-29,2
1859-09-01,3
1859-09-11,2
1859-09-27,1
1859-10-01,3
1859-10-09,3
1859-10-10,1
1859-10-11,2
1859-10-12,2
1859-10-13,1
1859-10-16,1
1859-10-24,2
1859-11-01,1
1859-12-20,2
1859-12-22,1
1860-01-01,3
1860-02-01,3
1860-02-15,1
1860-02-16,1
1860-02-17,1
1860-02-22,1
1860-02-23,1
1860-03-01,1
1860-03-12,1
1860-03-23,1
1860-03-27,1
1860-04-01,1
1860-04-05,2
1860-04-14,1
1860-05-21,1
1860-05-22,1
1860-05-25,1
1860-05-26,1
1860-05-27,1
1860-06-01,1
1860-06-04,1
1860-06-20,1
1860-06-28,2
1860-07-01,1
1860-07-02,1
1860-07-05,1
1860-07-07,1
1860-07-10,1
1860-07-11,1
1860-07-12,1
1860-07-13,1
1860-07-14,1
1860-07-15,1
1860-07-16,1
1860-07-17,1
1860-07-18,2
1860-07-31,1
1860-08-01,1
1860-08-02,1
1860-08-03,1
1860-08-04,1
1860-08-05,1
1860-08-06,1
1860-08-07,1
1860-08-08,1
1860-08-09,2
1860-08-10,1
1860-08-11,1
1860-08-12,1
1860-08-13,1
1860-08-16,1
1860-08-17,1
1860-08-18,1
1860-08-19,1
1860-08-20,1
1860-08-21,1
1860-08-22,1
1860-08-23,2
1860-08-24,2
1860-08-25,1
1860-08-26,1
1860-08-27,1
1860-08-28,1
1860-08-29,1
1860-09-02,1
1860-09-07,3
1860-10-01,2
1860-10-25,2
1860-10-28,1
1860-11-01,2
1860-11-06,1
1860-11-09,1
1860-11-10,1
1860-11-11,1
1860-11-12,1
1860-11-13,1
1861-01-01,4
1861-02-01,1
1861-02-09,1
1861-03-01,5
1861-03-09,1
1861-03-28,1
1861-04-01,7
1861-04-09,1
1861-04-12,1
1861-04-13,3
1861-04-15,1
1861-04-16,1
1861-04-17,2
1861-04-18,1
1861-04-19,1
1861-04-20,3
1861-04-21,1
1861-04-22,1
1861-04-23,1
1861-04-24,1
1861-04-25,1
1861-04-26,1
1861-04-27,1
1861-04-28,1
1861-05-06,1
1861-05-07,1
1861-05-08,1
1861-05-09,1
1861-05-10,2
1861-05-11,2
1861-05-12,3
1861-05-13,1
1861-05-16,1
1861-05-27,1
1861-05-28,1
1861-06-01,2
1861-06-25,1
1861-06-29,1
1861-06-30,1
1861-07-01,3
1861-07-02,1
1861-07-12,2
1861-07-25,1
1861-08-01,2
1861-08-05,2
1861-08-15,1
1861-09-16,1
1861-09-22,2
1861-09-23,2
1861-10-08,2
1861-10-21,2
1861-10-28,3
1861-10-30,1
1861-11-04,1
1861-11-08,1
1861-11-10,1
1861-11-12,1
1861-11-14,1
1861-11-16,1
1861-11-23,1
1861-11-29,1
1861-12-01,1
1861-12-12,1
1861-12-27,1
1861-12-30,1
1862-01-01,2
1862-01-10,1
1862-01-18,1
1862-01-26,1
1862-02-01,1
1862-02-06,1
1862-02-07,1
1862-02-10,1
1862-02-12,1
1862-02-21,1
1862-02-22,1
1862-03-01,1
1862-03-17,1
1862-04-01,1
1862-04-11,1
1862-05-01,1
1862-05-19,2
1862-05-20,1
1862-05-24,1
1862-05-27,1
1862-06-28,1
1862-07-01,1
1862-07-22,1
1862-08-06,1
1862-08-07,2
1862-08-22,2
1862-08-23,1
1862-08-24,1
1862-08-25,1
1862-08-26,1
1862-08-27,1
1862-08-28,1
1862-08-29,1
1862-08-30,1
1862-08-31,1
1862-09-01,1
1862-09-02,1
1862-09-03,1
1862-09-04,1
1862-09-05,2
1862-09-06,1
1862-09-07,2
1862-09-08,1
1862-09-09,2
1862-09-10,1
1862-09-11,2
1862-09-12,1
1862-09-13,1
1862-09-14,3
1862-09-15,1
1862-09-16,1
1862-09-17,2
1862-09-18,1
1862-09-24,1
1862-09-25,2
1862-09-28,1
1862-09-30,2
1862-10-01,4
1862-10-08,1
1862-10-09,2
1862-10-14,1
1862-10-15,1
1862-10-18,1
1862-10-19,1
1862-10-21,1
1862-10-24,1
1862-10-28,1
1862-11-28,1
1862-12-01,1
1862-12-08,1
1862-12-17,1
1862-12-19,2
1862-12-21,1
1862-12-22,1
1862-12-24,1
1862-12-27,1
1862-12-30,1
1863-01-01,3
1863-01-03,2
1863-01-05,1
1863-01-08,1
1863-01-15,1
1863-01-23,1
1863-01-25,1
1863-02-01,1
1863-02-08,1
1863-02-13,1
1863-02-16,1
1863-02-21,1
1863-02-23,1
1863-02-24,1
1863-03-01,5
1863-03-03,1
1863-03-05,1
1863-03-08,1
1863-03-14,1
1863-03-23,2
1863-03-24,1
1863-03-27,1
1863-03-30,1
1863-04-01,1
1863-04-08,1
1863-04-11,1
1863-04-16,1
1863-04-19,1
1863-05-02,1
1863-05-03,1
1863-05-10,1
1863-05-11,1
1863-05-15,1
1863-05-25,1
1863-06-02,1
1863-06-18,1
1863-08-01,1
1863-08-03,1
1863-08-05,1
1863-09-03,1
1863-10-01,2
1863-10-03,1
1863-10-06,1
1863-10-10,1
1863-10-12,1
1863-10-16,1
1863-10-23,1
1863-10-31,1
1863-11-01,3
1863-12-16,1
1863-12-19,1
1863-12-25,1
1864-01-01,2
1864-01-03,1
1864-01-16,1
1864-01-17,1
1864-01-20,1
1864-02-01,2
1864-02-20,1
1864-02-24,2
1864-03-01,1
1864-03-19,1
1864-03-24,1
1864-03-26,1
1864-04-17,1
1864-04-22,2
1864-04-23,2
1864-04-30,1
1864-05-15,1
1864-07-13,1
1864-07-15,3
1864-07-26,1
1864-08-01,3
1864-08-09,4
1864-08-11,2
1864-08-12,3
1864-08-14,1
1864-09-01,2
1864-09-16,1
1864-09-20,1
1864-10-08,1
1864-10-26,1
1864-10-28,1
1864-10-29,2
1864-11-11,1
1864-11-23,1
1864-11-24,2
1864-11-25,2
1864-11-27,1
1864-11-29,2
1864-12-01,1
1864-12-02,2
1864-12-03,1
1864-12-04,2
1864-12-06,2
1864-12-07,4
1864-12-10,1
1864-12-11,2
1864-12-14,1
1864-12-22,1
1864-12-29,1
1865-01-01,7
1865-01-03,1
1865-01-08,1
1865-01-14,1
1865-01-22,1
1865-01-23,2
1865-01-29,1
1865-02-20,1
1865-02-28,1
1865-03-01,1
1865-03-04,1
1865-03-09,1
1865-03-10,2
1865-03-11,1
1865-03-17,1
1865-03-19,1
1865-03-20,1
1865-03-21,1
1865-03-23,1
1865-03-24,2
1865-03-25,1
1865-03-27,1
1865-03-28,1
1865-03-29,1
1865-03-31,1
1865-04-01,3
1865-04-10,1
1865-04-12,1
1865-05-03,1
1865-05-16,1
1865-05-19,2
1865-05-20,1
1865-05-21,3
1865-06-25,3
1865-06-27,1
1865-06-30,1
1865-07-01,1
1865-07-02,1
1865-07-24,1
1865-07-25,2
1865-07-26,1
1865-07-27,2
1865-07-28,1
1865-07-31,1
1865-08-01,2
1865-08-05,2
1865-08-18,1
1865-08-19,1
1865-08-28,1
1865-09-01,2
1865-09-05,1
1865-09-13,1
1865-09-14,1
1865-09-19,1
1865-09-20,2
1865-09-21,1
1865-09-29,2
1865-10-01,1
1865-10-02,1
1865-10-03,1
1865-10-04,1
1865-10-05,1
1865-10-06,1
1865-10-07,3
1865-10-08,1
1865-10-09,1
1865-10-10,1
1865-10-11,1
1865-10-12,1
1865-10-13,1
1865-10-14,1
1865-10-15,2
1865-10-16,1
1865-10-17,1
1865-10-18,1
1865-10-19,1
1865-10-20,1
1865-10-21,1
1865-10-29,1
1865-10-30,1
1865-10-31,1
1865-11-02,1
1865-11-04,1
1865-11-07,1
1865-11-09,1
1865-11-10,1
1865-11-12,1
1865-11-14,1
1865-11-16,1
1865-11-20,1
1865-11-27,1
1865-12-01,2
1865-12-16,1
1865-12-21,1
1865-12-31,1
1866-01-01,5
1866-02-04,3
1866-02-11,1
1866-02-14,1
1866-03-21,1
1866-03-30,1
1866-04-04,1
1866-04-05,1
1866-04-11,2
1866-05-20,1
1866-05-23,1
1866-05-25,1
1866-06-04,1
1866-06-28,1
1866-08-01,1
1866-08-07,2
1866-08-10,1
1866-08-11,1
1866-08-12,2
1866-09-14,1
1866-10-29,2
1866-10-30,2
1866-11-01,1
1866-11-07,1
1866-11-10,1
1866-11-11,1
1866-11-12,1
1866-11-14,2
1866-11-15,1
1866-11-16,2
1866-11-18,1
1866-11-19,1
1866-12-08,1
1866-12-25,1
1867-01-01,2
1867-01-08,1
1867-01-10,1
1867-01-30,1
1867-02-17,1
1867-02-19,2
1867-02-28,1
1867-03-19,1
1867-03-20,2
1867-03-25,1
1867-03-31,3
1867-04-23,1
1867-05-31,1
1867-06-16,2
1867-06-18,1
1867-06-20,1
1867-06-21,1
1867-06-22,2
1867-06-27,1
1867-06-28,1
1867-06-30,1
1867-07-30,2
1867-08-08,1
1867-08-10,1
1867-08-18,1
1867-09-20,1
1867-09-23,1
1867-09-25,2
1867-09-27,1
1867-09-28,2
1867-10-01,2
1867-10-09,1
1867-11-01,1
1867-11-05,1
1867-11-06,1
1867-11-09,2
1867-11-10,1
1867-11-14,1
1867-11-22,1
1867-11-25,1
1867-11-26,1
1867-11-27,1
1867-11-30,2
1867-12-01,2
1867-12-04,1
1867-12-06,1
1867-12-07,1
1867-12-08,1
1867-12-23,1
1867-12-28,3
1868-01-01,5
1868-01-21,1
1868-01-22,1
1868-02-01,1
1868-03-08,1
1868-03-23,1
1868-03-30,1
1868-04-01,1
1868-04-11,1
1868-04-16,1
1868-04-30,1
1868-05-14,1
1868-05-15,1
1868-05-22,1
1868-07-06,1
1868-08-01,3
1868-08-20,1
1868-09-14,1
1868-10-03,1
1868-10-25,1
1868-11-07,1
1868-12-01,1
1868-12-07,1
1868-12-20,1
1869-01-01,2
1869-01-08,1
1869-01-18,2
1869-01-24,2
1869-01-25,1
1869-01-31,2
1869-02-06,1
1869-02-15,1
1869-02-20,1
1869-03-05,1
1869-04-08,1
1869-04-22,1
1869-05-10,3
1869-07-07,1
1869-07-11,1
1869-08-12,1
1869-08-30,1
1869-09-01,2
1869-09-02,1
1869-09-04,2
1869-10-21,1
1869-11-01,2
1869-12-06,1
1869-12-10,1
1869-12-15,1
1869-12-20,1
1870-01-01,4
1870-01-14,2
1870-02-02,1
1870-02-03,1
1870-02-04,1
1870-02-08,1
1870-02-14,2
1870-02-16,1
1870-02-21,2
1870-02-22,1
1870-03-01,1
1870-03-06,2
1870-03-12,1
1870-03-13,1
1870-03-16,1
1870-03-17,1
1870-03-19,2
1870-03-23,1
1870-03-26,1
1870-04-02,1
1870-04-04,1
1870-04-05,1
1870-04-11,1
1870-05-11,1
1870-06-01,2
1870-07-21,4
1870-10-02,1
1870-10-28,1
1870-11-01,3
1870-11-17,1
1870-11-25,2
1870-11-26,1
1870-12-01,2
1870-12-02,1
1870-12-03,1
1870-12-04,2
1870-12-30,1
1871-01-01,6
1871-02-01,1
1871-02-06,1
1871-02-13,1
1871-03-03,1
1871-03-10,1
1871-04-01,1
1871-05-01,2
1871-06-09,1
1871-06-10,1
1871-06-12,1
1871-06-14,1
1871-06-15,1
1871-06-18,1
1871-06-23,1
1871-06-25,1
1871-06-26,1
1871-06-27,1
1871-06-29,1
1871-07-03,1
1871-07-08,1
1871-07-16,2
1871-07-17,1
1871-07-20,1
1871-08-06,2
1871-08-10,1
1871-08-22,1
1871-08-26,1
1871-09-01,1
1871-09-13,1
1871-09-17,1
1871-10-29,1
1871-11-28,1
1871-12-31,1
1872-01-01,6
1872-01-12,1
1872-01-13,1
1872-01-15,1
1872-01-17,1
1872-01-24,1
1872-02-10,1
1872-02-12,1
1872-02-20,2
1872-03-01,1
1872-03-03,2
1872-03-07,1
1872-03-09,2
1872-03-10,1
1872-03-11,1
1872-03-12,1
1872-03-13,1
1872-03-14,1
1872-03-16,2
1872-03-18,1
1872-03-25,2
1872-03-28,1
1872-03-31,1
1872-04-08,2
1872-04-10,1
1872-04-12,1
1872-04-15,1
1872-04-23,1
1872-04-25,1
1872-05-01,2
1872-05-19,1
1872-05-27,1
1872-06-01,1
1872-06-05,1
1872-06-06,1
1872-06-10,1
1872-06-14,1
1872-06-20,1
1872-07-01,1
1872-07-02,1
1872-07-08,1
1872-07-09,2
1872-07-10,2
1872-07-12,1
1872-07-14,2
1872-07-30,1
1872-08-07,1
1872-08-12,1
1872-08-20,1
1872-08-22,1
1872-08-25,1
1872-08-28,1
1872-09-04,1
1872-09-09,1
1872-09-15,2
1872-09-19,1
1872-09-21,1
1872-09-23,1
1872-09-29,1
1872-09-30,1
1872-10-01,2
1872-10-10,1
1872-10-15,1
1872-10-17,1
1872-10-21,1
1872-10-23,1
1872-10-26,2
1872-10-30,2
1872-10-31,1
1872-11-01,2
1872-11-27,1
1872-12-04,2
1872-12-06,1
1872-12-08,1
1872-12-14,2
1872-12-17,1
1872-12-20,1
1872-12-22,1
1873-01-01,3
1873-01-12,3
1873-01-15,1
1873-01-18,1
1873-01-24,1
1873-01-30,1
1873-02-01,1
1873-02-15,1
1873-03-01,5
1873-03-17,1
1873-03-25,1
1873-03-30,1
1873-04-01,1
1873-04-07,1
1873-04-10,1
1873-04-14,2
1873-05-02,1
1873-05-11,2
1873-05-18,1
1873-05-24,1
1873-05-31,3
1873-06-01,1
1873-06-22,1
1873-07-08,1
1873-07-28,1
1873-07-30,1
1873-08-24,1
1873-08-25,1
1873-09-01,1
1873-09-04,1
1873-09-23,1
1873-09-24,1
1873-10-01,1
1873-11-10,1
1873-11-17,1
1873-11-18,2
1873-11-25,1
1873-11-30,1
1873-12-02,1
1873-12-03,1
1873-12-12,1
1873-12-17,1
1873-12-28,2
1874-01-01,6
1874-01-14,1
1874-01-15,1
1874-02-01,2
1874-02-13,1
1874-02-15,3
1874-02-23,1
1874-02-27,1
1874-03-01,2
1874-03-02,1
1874-03-04,1
1874-03-06,2
1874-03-18,1
1874-03-20,1
1874-03-25,1
1874-04-03,1
1874-04-08,1
1874-04-11,2
1874-04-18,1
1874-04-19,1
1874-04-21,1
1874-04-23,1
1874-04-27,1
1874-04-30,1
1874-05-01,1
1874-05-02,1
1874-05-10,2
1874-05-18,1
1874-05-20,1
1874-06-01,1
1874-06-15,1
1874-06-20,2
1874-06-23,1
1874-06-24,1
1874-06-25,1
1874-07-01,1
1874-07-12,1
1874-07-18,1
1874-07-27,2
1874-07-29,1
1874-07-30,1
1874-07-31,1
1874-08-01,1
1874-08-03,2
1874-08-14,1
1874-08-15,4
1874-08-30,2
1874-09-10,1
1874-09-13,1
1874-09-25,1
1874-09-26,2
1874-09-28,1
1874-10-01,1
1874-10-02,1
1874-10-22,1
1874-10-31,1
1874-11-02,1
1874-11-04,3
1874-11-08,1
1874-11-10,1
1874-11-22,1
1874-11-25,1
1874-12-21,1
1874-12-23,1
1874-12-28,1
1874-12-30,1
1875-01-01,3
1875-01-04,1
1875-01-16,1
1875-01-19,1
1875-01-26,1
1875-01-28,1
1875-01-29,1
1875-02-01,10
1875-02-16,1
1875-02-19,3
1875-02-21,2
1875-02-22,1
1875-02-24,1
1875-02-28,1
1875-03-01,2
1875-03-06,1
1875-03-08,1
1875-03-12,1
1875-03-16,1
1875-03-20,3
1875-03-28,1
1875-03-29,1
1875-03-31,2
1875-04-01,2
1875-04-02,1
1875-04-03,1
1875-04-05,1
1875-04-06,1
1875-04-10,1
1875-04-13,1
1875-04-20,1
1875-04-25,1
1875-04-30,1
1875-05-01,1
1875-05-03,1
1875-05-05,4
1875-05-17,2
1875-05-20,3
1875-05-25,2
1875-05-26,1
1875-05-27,1
1875-05-28,1
1875-05-30,1
1875-06-05,1
1875-06-07,1
1875-07-04,1
1875-07-22,1
1875-07-25,1
1875-08-01,1
1875-08-25,4
1875-09-01,3
1875-09-07,1
1875-09-10,1
1875-09-20,1
1875-10-01,1
1875-10-04,1
1875-10-15,1
1875-10-18,1
1875-10-20,1
1875-10-26,3
1875-10-30,1
1875-11-01,1
1875-11-09,5
1875-11-10,1
1875-11-25,1
1875-11-30,1
1875-12-01,1
1875-12-07,2
1875-12-12,2
1875-12-21,1
1876-01-01,4
1876-01-02,1
1876-01-04,1
1876-01-15,1
1876-01-17,1
1876-01-20,1
1876-01-25,1
1876-02-01,2
1876-02-09,1
1876-02-15,1
1876-02-21,2
1876-03-01,4
1876-03-09,1
1876-03-12,1
1876-03-15,2
1876-03-16,1
1876-03-17,1
1876-03-20,1
1876-03-23,1
1876-04-01,2
1876-04-05,1
1876-04-06,2
1876-04-09,1
1876-04-17,1
1876-04-23,1
1876-04-25,1
1876-04-26,1
1876-04-27,2
1876-04-29,1
1876-05-12,1
1876-05-16,1
1876-05-18,2
1876-06-08,2
1876-06-23,1
1876-07-21,1
1876-07-28,1
1876-07-31,1
1876-08-01,1
1876-08-26,1
1876-08-28,1
1876-09-02,1
1876-09-04,1
1876-09-05,1
1876-09-07,2
1876-09-12,1
1876-09-17,2
1876-09-19,1
1876-09-27,3
1876-10-01,1
1876-10-18,1
1876-11-12,1
1876-11-13,2
1876-11-18,2
1876-12-06,1
1876-12-07,1
1876-12-10,1
1876-12-15,1
1876-12-21,1
1877-01-11,3
1877-01-12,1
1877-01-15,1
1877-01-16,1
1877-01-17,2
1877-01-24,2
1877-01-26,1
1877-02-01,1
1877-02-04,1
1877-02-09,1
1877-02-27,2
1877-03-06,2
1877-03-10,1
1877-03-12,1
1877-03-23,1
1877-03-24,1
1877-04-01,4
1877-04-05,2
1877-04-14,1
1877-04-20,2
1877-04-22,1
1877-05-08,1
1877-05-09,1
1877-05-20,1
1877-05-22,1
1877-05-28,1
1877-05-29,3
1877-06-02,2
1877-06-10,2
1877-06-17,1
1877-06-20,1
1877-06-23,2
1877-06-28,2
1877-06-29,1
1877-07-01,3
1877-07-05,1
1877-07-08,1
1877-07-10,2
1877-07-12,1
1877-07-14,1
1877-07-15,1
1877-07-22,1
1877-07-23,1
1877-07-26,2
1877-07-30,1
1877-08-01,2
1877-08-03,1
1877-08-08,1
1877-08-11,2
1877-08-12,1
1877-08-16,1
1877-09-01,1
1877-09-02,2
1877-09-03,1
1877-09-12,1
1877-09-23,1
1877-09-25,1
1877-09-28,2
1877-10-19,1
1877-10-25,1
1877-11-01,1
1877-11-02,1
1877-11-06,1
1877-11-11,1
1877-11-12,2
1877-11-16,1
1877-11-23,1
1877-11-24,1
1877-11-27,1
1877-11-30,1
1877-12-06,2
1877-12-10,3
1877-12-12,1
1877-12-14,1
1877-12-15,2
1877-12-17,1
1877-12-18,1
1877-12-23,1
1877-12-24,1
1877-12-29,2
1878-01-01,2
1878-01-03,5
1878-01-05,1
1878-01-13,1
1878-01-15,2
1878-01-25,1
1878-01-27,4
1878-01-29,1
1878-01-31,1
1878-02-01,1
1878-02-05,1
1878-02-07,2
1878-02-09,2
1878-02-20,1
1878-03-01,2
1878-03-04,1
1878-03-05,1
1878-03-06,1
1878-03-07,1
1878-03-09,3
1878-03-10,1
1878-03-11,2
1878-03-14,6
1878-03-16,1
1878-03-25,1
1878-03-28,1
1878-04-01,4
1878-04-06,6
1878-04-08,3
1878-04-16,1
1878-04-17,1
1878-04-18,2
1878-04-23,1
1878-04-26,1
1878-04-30,2
1878-05-02,1
1878-05-05,1
1878-05-06,3
1878-05-19,1
1878-05-22,1
1878-05-23,1
1878-05-24,1
1878-05-28,1
1878-05-29,3
1878-05-30,2
1878-06-01,2
1878-06-03,2
1878-06-05,1
1878-06-06,1
1878-06-09,3
1878-06-11,1
1878-06-12,1
1878-06-13,3
1878-06-14,3
1878-06-15,1
1878-06-18,1
1878-06-22,1
1878-06-25,2
1878-08-09,2
1878-08-27,1
1878-09-05,6
1878-09-21,1
1878-09-30,2
1878-10-05,1
1878-10-18,1
1878-10-27,7
1878-11-01,1
1878-11-02,1
1878-11-08,2
1878-11-10,1
1878-11-22,1
1878-11-23,1
1878-11-28,1
1878-12-05,2
1878-12-25,1
1878-12-31,1
1879-01-01,15
1879-01-19,2
1879-01-22,1
1879-01-24,2
1879-01-28,2
1879-02-01,1
1879-02-03,1
1879-02-13,1
1879-02-14,2
1879-02-16,1
1879-02-17,1
1879-03-01,2
1879-03-03,1
1879-03-09,1
1879-03-11,1
1879-03-19,1
1879-03-20,2
1879-03-25,3
1879-04-01,1
1879-04-04,1
1879-04-05,1
1879-04-07,1
1879-04-08,1
1879-04-12,1
1879-04-14,2
1879-04-17,3
1879-04-20,2
1879-04-21,2
1879-04-22,1
1879-04-26,1
1879-04-27,1
1879-04-28,1
1879-05-01,3
1879-05-02,2
1879-05-04,1
1879-05-06,1
1879-05-07,1
1879-05-09,1
1879-05-10,1
1879-05-18,2
1879-05-19,1
1879-05-20,1
1879-05-21,1
1879-05-23,1
1879-05-25,1
1879-05-27,1
1879-05-30,1
1879-06-01,2
1879-06-04,2
1879-06-05,3
1879-06-06,1
1879-06-07,1
1879-06-09,1
1879-06-10,1
1879-06-12,1
1879-06-13,1
1879-06-14,2
1879-06-18,1
1879-06-25,1
1879-06-28,1
1879-06-29,1
1879-06-30,1
1879-07-01,2
1879-07-02,1
1879-07-03,1
1879-07-04,1
1879-07-05,1
1879-07-08,1
1879-07-10,1
1879-07-11,1
1879-07-12,3
1879-07-13,1
1879-07-15,1
1879-07-17,1
1879-07-19,1
1879-07-22,3
1879-07-27,2
1879-07-28,2
1879-07-31,1
1879-08-02,1
1879-08-03,2
1879-08-06,1
1879-08-10,1
1879-08-11,1
1879-08-13,1
1879-08-15,1
1879-08-18,1
1879-08-20,1
1879-08-25,1
1879-08-31,1
1879-09-02,1
1879-09-03,1
1879-09-05,2
1879-09-07,1
1879-09-13,1
1879-09-17,1
1879-09-21,1
1879-09-26,1
1879-09-27,2
1879-09-28,1
1879-09-30,2
1879-10-04,1
1879-10-13,1
1879-10-14,1
1879-10-20,1
1879-10-28,1
1879-10-30,1
1879-11-01,3
1879-11-02,1
1879-11-08,1
1879-11-13,1
1879-11-16,1
1879-11-22,2
1879-11-23,1
1879-12-07,1
1879-12-12,1
1879-12-20,1
1879-12-21,1
1879-12-24,1
1879-12-25,1
1879-12-28,1
1880-01-01,4
1880-01-05,1
1880-01-15,1
1880-01-19,1
1880-01-20,2
1880-01-23,1
1880-02-01,1
1880-02-02,2
1880-02-03,1
1880-02-04,2
1880-02-14,1
1880-02-29,1
1880-03-01,1
1880-03-12,1
1880-03-20,1
1880-03-23,1
1880-04-18,1
1880-05-04,1
1880-05-10,1
1880-05-31,1
1880-06-07,1
1880-06-16,1
1880-06-17,1
1880-06-20,1
1880-06-21,1
1880-06-23,1
1880-06-25,1
1880-06-29,1
1880-07-01,3
1880-07-03,1
1880-07-05,1
1880-07-07,1
1880-07-08,2
1880-07-12,2
1880-07-28,1
1880-07-31,1
1880-08-01,2
1880-08-07,1
1880-08-08,1
1880-08-10,1
1880-08-11,1
1880-08-20,1
1880-08-27,1
1880-08-28,1
1880-08-30,2
1880-09-01,2
1880-09-06,1
1880-09-18,1
1880-09-26,2
1880-10-07,1
1880-10-08,2
1880-10-15,1
1880-10-30,1
1880-11-07,1
1880-11-14,1
1880-11-15,1
1880-11-16,1
1880-11-28,1
1880-12-28,1
1881-01-01,10
1881-02-05,1
1881-03-08,1
1881-03-15,2
1881-03-25,1
1881-04-01,1
1881-04-17,1
1881-04-20,1
1881-04-22,1
1881-04-24,1
1881-04-25,1
1881-04-29,1
1881-04-30,1
1881-05-01,3
1881-05-03,2
1881-05-04,1
1881-05-05,2
1881-05-06,1
1881-05-07,1
1881-05-08,1
1881-05-09,1
1881-05-10,1
1881-05-11,1
1881-05-12,3
1881-05-13,1
1881-05-14,1
1881-05-15,1
1881-05-16,1
1881-05-17,1
1881-05-18,1
1881-05-19,1
1881-05-20,1
1881-05-21,1
1881-05-22,1
1881-05-23,1
1881-05-24,1
1881-05-25,1
1881-05-26,2
1881-05-27,1
1881-05-28,1
1881-05-29,1
1881-05-30,1
1881-05-31,1
1881-06-01,3
1881-06-02,1
1881-06-03,1
1881-06-04,1
1881-06-05,2
1881-06-06,1
1881-06-07,1
1881-06-08,1
1881-06-09,1
1881-06-10,1
1881-06-11,2
1881-06-12,1
1881-06-13,2
1881-06-14,1
1881-06-15,2
1881-06-16,2
1881-06-17,1
1881-06-18,3
1881-06-19,1
1881-06-21,1
1881-06-22,1
1881-06-25,1
1881-06-26,1
1881-06-27,1
1881-06-28,1
1881-06-29,1
1881-07-01,3
1881-07-02,1
1881-07-03,1
1881-07-04,2
1881-07-05,2
1881-07-06,1
1881-07-07,2
1881-07-08,1
1881-07-09,1
1881-07-10,1
1881-07-11,1
1881-07-12,2
1881-07-13,1
1881-07-14,1
1881-07-15,1
1881-07-19,1
1881-07-20,1
1881-07-21,1
1881-07-22,2
1881-07-23,1
1881-07-24,1
1881-07-25,1
1881-07-26,1
1881-07-31,1
1881-08-02,2
1881-08-06,2
1881-08-08,1
1881-08-09,1
1881-08-10,1
1881-08-11,1
1881-08-12,1
1881-08-13,1
1881-08-14,1
1881-08-15,1
1881-08-16,1
1881-08-17,1
1881-08-18,1
1881-08-19,1
1881-08-22,1
1881-08-23,1
1881-08-26,1
1881-08-27,4
1881-08-28,1
1881-08-29,1
1881-08-30,2
1881-08-31,1
1881-09-01,2
1881-09-02,1
1881-09-03,1
1881-09-04,1
1881-09-30,1
1881-10-01,1
1881-11-15,1
1881-11-23,1
1881-12-01,2
1881-12-04,1
1881-12-06,1
1881-12-15,1
1881-12-19,1
1881-12-25,1
1882-01-01,6
1882-02-01,1
1882-02-03,1
1882-02-04,1
1882-02-06,3
1882-02-10,1
1882-02-26,1
1882-02-27,1
1882-02-28,1
1882-03-02,2
1882-03-03,4
1882-03-04,2
1882-03-05,2
1882-03-12,1
1882-04-01,1
1882-04-08,1
1882-04-09,1
1882-04-10,1
1882-04-11,1
1882-04-12,2
1882-05-01,1
1882-05-16,1
1882-05-17,1
1882-05-18,1
1882-05-20,2
1882-05-21,2
1882-05-24,2
1882-05-26,1
1882-05-28,1
1882-06-08,1
1882-08-01,1
1882-09-11,1
1882-09-12,1
1882-09-13,1
1882-09-14,2
1882-09-15,1
1882-09-16,1
1882-09-17,1
1882-09-18,3
1882-09-19,1
1882-09-28,1
1882-09-29,1
1882-10-01,1
1882-10-02,2
1882-10-05,1
1882-10-06,2
1882-10-11,1
1882-11-15,1
1882-11-24,1
1882-12-16,1
1882-12-20,1
1882-12-22,1
1883-01-01,5
1883-01-20,1
1883-01-30,1
1883-02-01,1
1883-04-04,1
1883-04-28,1
1883-04-29,1
1883-05-01,1
1883-05-21,1
1883-05-23,1
1883-05-25,1
1883-05-29,1
1883-05-31,1
1883-06-02,1
1883-06-08,2
1883-06-09,1
1883-06-12,1
1883-06-13,1
1883-06-15,1
1883-06-20,2
1883-07-18,1
1883-08-15,1
1883-09-28,1
1883-09-29,1
1883-09-30,1
1883-10-01,1
1883-10-02,1
1883-10-03,1
1883-10-04,1
1883-10-09,1
1883-11-01,1
1883-11-09,2
1883-11-10,2
1883-11-11,1
1883-11-12,1
1883-11-13,1
1883-11-14,1
1883-11-15,2
1883-12-01,1
1883-12-05,1
1883-12-07,2
1884-01-01,12
1884-01-03,2
1884-01-10,2
1884-01-24,1
1884-01-27,1
1884-01-28,1
1884-01-29,1
1884-01-30,1
1884-01-31,2
1884-02-01,3
1884-02-02,1
1884-02-03,1
1884-02-04,1
1884-02-05,2
1884-02-07,2
1884-02-17,1
1884-02-19,1
1884-03-01,1
1884-03-03,1
1884-03-17,1
1884-03-18,1
1884-03-19,1
1884-03-20,1
1884-03-21,1
1884-03-22,1
1884-03-23,1
1884-03-24,1
1884-03-25,1
1884-03-26,1
1884-03-27,2
1884-03-28,1
1884-03-29,1
1884-03-30,1
1884-03-31,1
1884-04-01,2
1884-04-02,1
1884-04-03,1
1884-04-04,1
1884-04-05,1
1884-04-06,2
1884-04-07,1
1884-04-08,1
1884-04-09,1
1884-04-10,1
1884-04-11,1
1884-04-12,1
1884-04-13,1
1884-04-14,1
1884-04-15,1
1884-04-16,2
1884-04-17,2
1884-04-18,1
1884-04-19,1
1884-04-20,1
1884-04-21,1
1884-04-22,1
1884-04-23,1
1884-04-24,1
1884-04-25,2
1884-04-26,1
1884-04-27,1
1884-04-28,1
1884-04-29,1
1884-04-30,2
1884-05-01,4
1884-05-02,4
1884-05-03,1
1884-05-04,1
1884-05-05,1
1884-05-06,1
1884-05-07,2
1884-05-08,2
1884-05-09,1
1884-05-10,1
1884-05-11,1
1884-05-12,1
1884-05-13,1
1884-05-14,1
1884-05-15,1
1884-05-16,3
1884-05-17,1
1884-05-18,1
1884-05-19,2
1884-05-20,1
1884-05-21,1
1884-05-22,1
1884-05-23,1
1884-05-24,1
1884-05-25,2
1884-05-26,1
1884-05-27,1
1884-05-28,3
1884-05-29,1
1884-05-30,1
1884-05-31,1
1884-06-01,2
1884-06-02,1
1884-06-03,1
1884-06-04,1
1884-06-05,1
1884-06-06,5
1884-06-07,2
1884-06-08,2
1884-06-09,1
1884-06-10,1
1884-06-11,1
1884-06-12,1
1884-06-13,1
1884-06-14,1
1884-06-15,1
1884-06-16,2
1884-06-17,1
1884-06-18,1
1884-06-19,1
1884-06-20,1
1884-06-21,1
1884-06-22,1
1884-06-23,1
1884-06-24,2
1884-06-25,1
1884-06-26,1
1884-06-27,1
1884-06-28,1
1884-06-30,1
1884-07-01,3
1884-07-02,1
1884-07-03,1
1884-07-04,1
1884-07-05,1
1884-07-06,1
1884-07-07,1
1884-07-08,1
1884-07-09,1
1884-07-10,1
1884-07-11,2
1884-07-12,1
1884-07-13,1
1884-07-14,1
1884-07-15,1
1884-07-16,1
1884-07-17,1
1884-07-18,1
1884-07-19,1
1884-07-20,1
1884-07-21,1
1884-07-22,1
1884-07-23,1
1884-07-24,2
1884-07-25,1
1884-07-26,1
1884-07-27,1
1884-07-28,1
1884-07-29,1
1884-07-30,1
1884-08-01,2
1884-08-02,1
1884-08-04,2
1884-08-05,1
1884-08-06,1
1884-08-07,1
1884-08-08,1
1884-08-09,1
1884-08-10,1
1884-08-11,2
1884-08-12,1
1884-08-13,1
1884-08-14,1
1884-08-15,1
1884-08-16,1
1884-08-17,1
1884-08-18,1
1884-08-19,1
1884-08-20,1
1884-08-21,1
1884-08-22,1
1884-08-23,1
1884-08-24,1
1884-08-28,1
1884-08-29,1
1884-08-30,1
1884-08-31,3
1884-09-01,3
1884-09-02,1
1884-09-03,1
1884-09-04,1
1884-09-05,1
1884-09-06,1
1884-09-07,1
1884-09-08,1
1884-09-09,1
1884-09-10,1
1884-09-11,1
1884-09-12,1
1884-09-13,1
1884-09-14,1
1884-09-15,1
1884-09-16,1
1884-09-17,1
1884-09-20,1
1884-09-21,1
1884-09-22,2
1884-09-23,1
1884-09-24,1
1884-09-25,2
1884-10-10,2
1884-10-11,2
1884-10-15,1
1884-10-21,1
1884-10-22,1
1884-10-23,1
1884-10-24,1
1884-10-25,1
1884-10-26,1
1884-10-27,1
1884-10-28,1
1884-10-29,1
1884-10-30,1
1884-10-31,2
1884-11-08,1
1884-11-11,1
1884-11-13,1
1884-11-28,1
1884-12-01,1
1884-12-02,1
1884-12-07,1
1884-12-08,3
1884-12-09,1
1884-12-10,1
1884-12-11,1
1884-12-12,1
1884-12-13,2
1884-12-14,3
1884-12-17,1
1885-01-01,6
1885-01-02,1
1885-01-19,2
1885-01-28,1
1885-01-29,1
1885-01-30,1
1885-01-31,1
1885-02-01,1
1885-02-02,2
1885-02-03,1
1885-02-04,1
1885-02-09,1
1885-02-15,1
1885-02-19,1
1885-02-20,1
1885-02-22,2
1885-02-23,1
1885-02-24,4
1885-02-25,2
1885-02-26,1
1885-02-28,1
1885-03-07,1
1885-03-08,1
1885-03-09,2
1885-03-10,2
1885-03-12,1
1885-03-13,1
1885-03-14,2
1885-03-15,2
1885-03-16,2
1885-03-17,1
1885-03-18,2
1885-03-21,1
1885-03-22,1
1885-03-25,2
1885-03-28,1
1885-03-31,1
1885-04-01,3
1885-04-04,1
1885-04-05,4
1885-04-11,1
1885-04-12,1
1885-04-15,1
1885-04-16,4
1885-04-21,2
1885-04-26,1
1885-05-01,2
1885-05-08,2
1885-05-10,1
1885-05-12,1
1885-05-14,1
1885-05-15,2
1885-05-17,1
1885-05-20,2
1885-05-22,1
1885-05-24,1
1885-06-01,1
1885-06-04,1
1885-06-06,1
1885-06-09,1
1885-06-10,1
1885-06-11,2
1885-06-15,1
1885-06-17,1
1885-06-19,1
1885-06-20,2
1885-07-03,1
1885-07-04,3
1885-07-05,1
1885-07-10,1
1885-07-13,1
1885-07-14,1
1885-07-15,1
1885-07-20,1
1885-07-23,2
1885-07-25,1
1885-08-06,1
1885-08-09,2
1885-08-12,1
1885-08-17,1
1885-08-18,1
1885-08-19,1
1885-08-20,3
1885-08-21,1
1885-08-29,1
1885-09-07,1
1885-09-13,1
1885-09-14,1
1885-09-17,2
1885-09-19,1
1885-09-20,2
1885-09-27,1
1885-10-01,1
1885-10-11,2
1885-10-12,1
1885-10-13,1
1885-10-15,4
1885-10-16,1
1885-10-17,1
1885-10-18,3
1885-10-19,3
1885-10-20,1
1885-10-22,1
1885-10-23,3
1885-10-25,1
1885-10-27,1
1885-10-29,2
1885-11-20,8
1885-11-21,1
1885-11-22,1
1885-11-23,2
1885-11-25,2
1885-12-01,2
1885-12-15,1
1885-12-18,1
1885-12-19,2
1885-12-22,1
1885-12-23,1
1885-12-24,1
1885-12-27,3
1885-12-29,1
1886-01-01,10
1886-01-02,1
1886-01-18,1
1886-01-20,1
1886-02-01,1
1886-02-02,1
1886-02-11,1
1886-02-15,1
1886-02-19,1
1886-02-20,1
1886-02-28,1
1886-03-01,2
1886-03-12,1
1886-03-15,1
1886-03-21,1
1886-03-26,1
1886-03-30,1
1886-04-01,2
1886-04-03,1
1886-04-05,1
1886-04-06,1
1886-04-07,1
1886-04-09,3
1886-04-10,1
1886-04-11,3
1886-04-15,1
1886-04-22,1
1886-04-24,1
1886-04-28,1
1886-04-29,2
1886-05-01,1
1886-05-02,1
1886-05-04,2
1886-05-06,1
1886-05-07,1
1886-05-08,2
1886-05-09,1
1886-05-10,2
1886-05-12,2
1886-05-15,2
1886-05-20,2
1886-05-21,1
1886-05-22,1
1886-05-25,1
1886-05-26,1
1886-05-27,1
1886-06-01,1
1886-06-04,2
1886-06-19,1
1886-06-21,1
1886-06-28,1
1886-07-05,1
1886-07-06,1
1886-07-13,1
1886-07-17,2
1886-08-10,1
1886-08-28,1
1886-09-01,2
1886-09-02,2
1886-09-10,1
1886-09-13,1
1886-09-25,1
1886-10-01,3
1886-10-03,1
1886-10-04,2
1886-10-10,2
1886-10-12,2
1886-10-14,1
1886-10-17,2
1886-10-18,1
1886-10-19,1
1886-10-30,1
1886-11-04,1
1886-11-05,1
1886-11-06,1
1886-11-09,1
1886-11-10,3
1886-11-14,4
1886-11-15,2
1886-11-24,1
1886-11-25,1
1886-12-01,4
1886-12-03,1
1886-12-08,1
1886-12-09,1
1886-12-11,2
1886-12-12,1
1886-12-14,2
1886-12-17,2
1886-12-20,1
1886-12-22,1
1887-01-01,11
1887-01-03,2
1887-01-06,1
1887-01-07,3
1887-01-10,1
1887-01-13,2
1887-01-18,1
1887-01-20,1
1887-01-23,2
1887-01-24,1
1887-02-01,1
1887-02-03,1
1887-02-04,1
1887-02-05,1
1887-02-06,1
1887-02-12,1
1887-02-13,1
1887-02-18,1
1887-02-21,1
1887-02-23,1
1887-02-26,1
1887-03-01,2
1887-03-03,1
1887-03-04,2
1887-03-05,1
1887-03-12,1
1887-03-20,1
1887-03-23,1
1887-03-24,2
1887-03-25,1
1887-03-27,1
1887-03-31,2
1887-04-01,1
1887-04-02,3
1887-04-04,1
1887-04-05,1
1887-04-07,1
1887-04-09,1
1887-04-10,1
1887-04-11,4
1887-04-13,1
1887-04-14,1
1887-04-16,2
1887-04-17,1
1887-04-18,2
1887-04-19,2
1887-04-20,1
1887-04-21,1
1887-04-24,3
1887-04-26,1
1887-04-27,1
1887-04-29,2
1887-05-01,1
1887-05-03,3
1887-05-04,2
1887-05-05,2
1887-05-07,1
1887-05-08,1
1887-05-09,2
1887-05-14,1
1887-05-19,1
1887-05-20,1
1887-05-25,1
1887-05-30,1
1887-05-31,1
1887-06-01,4
1887-06-11,1
1887-06-12,1
1887-06-20,1
1887-06-22,1
1887-07-01,1
1887-07-04,1
1887-07-07,1
1887-07-08,1
1887-07-12,1
1887-07-21,1
1887-08-01,2
1887-08-03,1
1887-08-04,1
1887-08-05,1
1887-08-15,2
1887-08-16,1
1887-08-22,1
1887-08-27,1
1887-09-01,4
1887-09-08,1
1887-09-09,1
1887-09-10,1
1887-09-12,1
1887-09-14,3
1887-09-15,2
1887-09-20,3
1887-09-21,1
1887-09-26,1
1887-10-01,7
1887-10-03,2
1887-10-05,2
1887-10-07,1
1887-10-10,1
1887-10-12,1
1887-10-13,1
1887-10-16,2
1887-10-20,1
1887-10-22,2
1887-11-01,2
1887-11-08,2
1887-11-10,1
1887-11-20,3
1887-11-22,1
1887-12-01,6
1887-12-11,1
1887-12-12,1
1887-12-20,2
1887-12-27,1
1888-01-01,16
1888-01-10,1
1888-01-17,1
1888-01-24,2
1888-01-25,1
1888-02-01,2
1888-02-02,1
1888-02-05,1
1888-02-09,1
1888-02-12,1
1888-02-13,1
1888-02-17,1
1888-02-28,1
1888-02-29,2
1888-03-01,2
1888-03-02,1
1888-03-11,2
1888-03-20,1
1888-03-26,2
1888-03-29,1
1888-04-01,2
1888-04-06,2
1888-04-14,2
1888-04-17,3
1888-04-19,1
1888-04-21,1
1888-04-23,1
1888-04-24,1
1888-04-25,2
1888-04-26,1
1888-04-28,2
1888-04-30,2
1888-05-03,1
1888-05-05,2
1888-05-06,1
1888-05-07,1
1888-05-09,2
1888-05-11,1
1888-05-12,1
1888-05-15,2
1888-05-20,1
1888-05-29,1
1888-06-02,1
1888-06-10,1
1888-06-28,4
1888-06-30,1
1888-07-01,2
1888-07-05,1
1888-07-15,1
1888-08-01,1
1888-08-08,1
1888-09-28,1
1888-09-29,1
1888-10-01,3
1888-10-08,1
1888-10-09,1
1888-10-12,1
1888-10-15,1
1888-10-21,1
1888-10-23,1
1888-11-01,2
1888-11-02,1
1888-11-06,2
1888-11-10,2
1888-11-12,1
1888-11-17,1
1888-11-19,1
1888-11-20,1
1888-11-21,1
1888-11-23,1
1888-11-27,1
1888-11-29,1
1888-11-30,4
1888-12-01,2
1888-12-02,1
1888-12-03,1
1888-12-04,1
1888-12-05,1
1888-12-06,1
1888-12-07,1
1888-12-08,1
1888-12-21,2
1888-12-25,3
1888-12-29,1
1889-01-01,15
1889-01-02,1
1889-01-10,1
1889-01-11,2
1889-01-12,1
1889-01-15,1
1889-01-16,1
1889-01-18,1
1889-01-23,1
1889-01-31,4
1889-02-02,1
1889-02-05,2
1889-02-06,1
1889-02-07,1
1889-02-08,1
1889-02-09,1
1889-02-10,1
1889-02-12,2
1889-02-13,2
1889-02-14,1
1889-02-15,1
1889-02-16,2
1889-02-17,1
1889-02-18,1
1889-02-19,2
1889-02-22,2
1889-02-26,1
1889-02-27,1
1889-03-01,3
1889-03-08,1
1889-03-12,4
1889-03-17,1
1889-03-18,4
1889-03-19,1
1889-03-20,1
1889-03-22,5
1889-03-24,1
1889-03-25,1
1889-03-27,1
1889-03-30,1
1889-04-01,6
1889-04-02,2
1889-04-03,1
1889-04-04,1
1889-04-06,1
1889-04-09,1
1889-04-10,7
1889-04-11,1
1889-04-14,3
1889-04-16,3
1889-04-19,2
1889-04-20,2
1889-04-21,2
1889-04-22,1
1889-04-23,1
1889-04-27,1
1889-04-29,1
1889-04-30,2
1889-05-01,1
1889-05-03,2
1889-05-04,1
1889-05-07,2
1889-05-09,4
1889-05-10,1
1889-05-11,2
1889-05-12,1
1889-05-14,1
1889-05-16,1
1889-05-17,1
1889-05-18,1
1889-05-28,1
1889-05-29,1
1889-06-01,8
1889-06-04,1
1889-06-05,1
1889-06-12,2
1889-06-16,1
1889-06-18,4
1889-06-22,2
1889-06-23,4
1889-07-07,1
1889-07-08,1
1889-07-14,1
1889-07-17,1
1889-07-21,1
1889-07-22,1
1889-08-01,3
1889-08-02,1
1889-08-03,1
1889-08-04,2
1889-08-06,2
1889-08-10,1
1889-08-14,1
1889-08-20,1
1889-08-21,3
1889-08-22,3
1889-08-25,1
1889-08-27,1
1889-08-28,1
1889-09-09,1
1889-09-12,2
1889-09-13,1
1889-09-20,2
1889-09-21,1
1889-09-25,4
1889-09-26,1
1889-09-27,1
1889-09-29,2
1889-10-01,1
1889-10-02,2
1889-10-03,2
1889-10-15,1
1889-10-17,2
1889-10-18,4
1889-10-21,1
1889-10-22,2
1889-11-01,8
1889-11-05,2
1889-11-07,1
1889-11-10,3
1889-11-12,1
1889-11-13,1
1889-11-16,1
1889-11-17,1
1889-11-21,2
1889-11-27,3
1889-12-01,2
1889-12-02,1
1889-12-03,1
1889-12-07,1
1889-12-08,1
1889-12-12,1
1889-12-20,1
1889-12-23,1
1889-12-25,2
1889-12-31,4
1890-01-01,14
1890-01-03,1
1890-01-04,4
1890-01-09,1
1890-01-12,1
1890-01-15,4
1890-01-17,3
1890-01-19,1
1890-01-20,3
1890-01-21,1
1890-01-24,1
1890-01-27,1
1890-01-30,1
1890-02-01,6
1890-02-02,1
1890-02-04,2
1890-02-06,1
1890-02-09,1
1890-02-10,4
1890-02-13,1
1890-02-14,1
1890-02-17,3
1890-02-18,1
1890-02-21,3
1890-02-22,4
1890-02-23,1
1890-02-24,3
1890-02-28,1
1890-03-01,1
1890-03-03,1
1890-03-06,1
1890-03-08,1
1890-03-09,1
1890-03-10,1
1890-03-11,1
1890-03-15,8
1890-03-16,2
1890-03-17,1
1890-03-18,2
1890-03-20,12
1890-03-21,1
1890-03-22,2
1890-03-25,2
1890-03-26,1
1890-03-27,3
1890-03-28,1
1890-03-31,2
1890-04-01,2
1890-04-02,1
1890-04-03,1
1890-04-04,2
1890-04-05,1
1890-04-06,2
1890-04-08,6
1890-04-09,8
1890-04-10,1
1890-04-12,2
1890-04-13,1
1890-04-14,1
1890-04-17,1
1890-04-18,2
1890-04-19,1
1890-04-22,1
1890-04-24,4
1890-04-25,2
1890-04-26,1
1890-04-27,1
1890-04-29,3
1890-04-30,6
1890-05-01,3
1890-05-03,1
1890-05-04,2
1890-05-05,3
1890-05-06,3
1890-05-08,1
1890-05-10,3
1890-05-11,3
1890-05-12,1
1890-05-18,2
1890-05-19,2
1890-05-20,3
1890-05-21,2
1890-05-22,1
1890-05-23,2
1890-05-25,1
1890-05-26,2
1890-05-27,2
1890-06-01,2
1890-06-02,2
1890-06-04,3
1890-06-09,1
1890-06-11,6
1890-06-13,1
1890-06-14,1
1890-06-16,2
1890-06-17,1
1890-06-18,2
1890-06-26,2
1890-06-30,13
1890-07-01,3
1890-07-04,1
1890-07-06,1
1890-07-09,2
1890-07-10,1
1890-07-11,1
1890-07-14,1
1890-07-21,1
1890-07-25,1
1890-07-26,1
1890-07-28,4
1890-07-31,2
1890-08-01,5
1890-08-02,2
1890-08-03,2
1890-08-04,4
1890-08-05,2
1890-08-06,1
1890-08-07,1
1890-08-08,4
1890-08-09,3
1890-08-10,3
1890-08-11,3
1890-08-12,2
1890-08-13,1
1890-08-14,1
1890-08-15,1
1890-08-16,2
1890-08-17,2
1890-08-18,3
1890-08-19,2
1890-08-20,2
1890-08-21,1
1890-08-22,3
1890-08-24,1
1890-08-25,3
1890-08-26,1
1890-08-27,1
1890-08-28,1
1890-08-29,3
1890-08-31,3
1890-09-01,3
1890-09-02,1
1890-09-03,4
1890-09-04,4
1890-09-06,2
1890-09-10,1
1890-09-13,1
1890-09-14,2
1890-09-16,2
1890-09-17,3
1890-09-19,1
1890-09-20,1
1890-09-21,2
1890-09-22,1
1890-09-23,1
1890-09-24,2
1890-09-28,1
1890-09-30,2
1890-10-01,2
1890-10-02,2
1890-10-03,1
1890-10-04,1
1890-10-08,1
1890-10-13,1
1890-10-15,3
1890-10-17,2
1890-10-18,3
1890-10-23,2
1890-10-24,1
1890-10-25,1
1890-10-29,2
1890-10-30,1
1890-10-31,4
1890-11-01,1
1890-11-02,2
1890-11-04,1
1890-11-05,1
1890-11-08,1
1890-11-12,1
1890-11-14,5
1890-11-16,2
1890-11-17,3
1890-11-18,1
1890-11-21,5
1890-11-22,1
1890-11-23,2
1890-11-27,2
1890-11-28,1
1890-11-30,3
1890-12-01,3
1890-12-02,3
1890-12-03,7
1890-12-04,1
1890-12-09,1
1890-12-12,3
1890-12-13,2
1890-12-14,1
1890-12-15,1
1890-12-16,2
1890-12-17,5
1890-12-18,1
1890-12-19,1
1890-12-21,3
1890-12-25,1
1890-12-26,2
1890-12-27,2
1890-12-28,1
1890-12-31,3
1891-01-01,21
1891-01-04,1
1891-01-05,1
1891-01-07,5
1891-01-08,1
1891-01-09,1
1891-01-13,2
1891-01-15,2
1891-01-19,1
1891-01-20,1
1891-01-21,1
1891-01-23,2
1891-01-25,1
1891-01-27,1
1891-01-28,2
1891-01-29,3
1891-02-01,2
1891-02-03,1
1891-02-06,5
1891-02-07,1
1891-02-09,2
1891-02-10,1
1891-02-11,3
1891-02-12,1
1891-02-14,1
1891-02-16,4
1891-02-17,2
1891-02-18,1
1891-02-20,1
1891-02-21,1
1891-02-22,1
1891-02-23,1
1891-02-24,2
1891-02-25,1
1891-02-26,1
1891-02-28,3
1891-03-02,1
1891-03-03,3
1891-03-04,1
1891-03-05,2
1891-03-09,4
1891-03-12,1
1891-03-13,1
1891-03-14,2
1891-03-15,2
1891-03-18,3
1891-03-19,2
1891-03-20,3
1891-03-22,1
1891-03-23,1
1891-03-24,1
1891-03-25,3
1891-03-26,4
1891-03-28,1
1891-03-29,2
1891-03-31,4
1891-04-01,3
1891-04-02,2
1891-04-03,1
1891-04-04,5
1891-04-05,1
1891-04-06,1
1891-04-07,4
1891-04-08,1
1891-04-09,5
1891-04-10,5
1891-04-11,1
1891-04-12,2
1891-04-14,1
1891-04-15,2
1891-04-17,1
1891-04-19,1
1891-04-21,1
1891-04-22,1
1891-04-24,2
1891-05-02,1
1891-05-03,1
1891-05-06,2
1891-05-07,1
1891-05-08,4
1891-05-09,3
1891-05-10,2
1891-05-11,1
1891-05-14,1
1891-05-15,2
1891-05-21,1
1891-05-22,3
1891-05-23,1
1891-05-24,3
1891-05-27,3
1891-05-28,1
1891-06-01,2
1891-06-02,1
1891-06-04,1
1891-06-07,5
1891-06-08,1
1891-06-10,1
1891-06-12,1
1891-06-13,1
1891-06-14,3
1891-06-15,1
1891-06-16,1
1891-06-17,2
1891-06-21,3
1891-06-23,3
1891-06-24,1
1891-06-25,1
1891-06-26,1
1891-06-27,1
1891-06-28,1
1891-06-29,2
1891-07-04,1
1891-07-06,1
1891-07-11,2
1891-07-12,1
1891-07-13,1
1891-07-14,2
1891-07-16,1
1891-07-20,3
1891-07-21,3
1891-07-22,1
1891-07-23,2
1891-07-30,3
1891-07-31,1
1891-08-01,2
1891-08-04,3
1891-08-06,1
1891-08-08,2
1891-08-09,1
1891-08-12,1
1891-08-15,2
1891-08-24,1
1891-08-27,1
1891-08-31,2
1891-09-01,1
1891-09-04,1
1891-09-05,2
1891-09-07,1
1891-09-08,2
1891-09-10,4
1891-09-11,1
1891-09-12,3
1891-09-14,2
1891-09-16,1
1891-09-18,2
1891-09-19,1
1891-09-25,2
1891-09-26,1
1891-09-27,2
1891-10-01,1
1891-10-04,1
1891-10-06,2
1891-10-08,6
1891-10-09,3
1891-10-22,1
1891-10-23,4
1891-10-24,5
1891-10-25,2
1891-10-26,4
1891-10-27,1
1891-10-29,3
1891-11-01,3
1891-11-02,2
1891-11-03,1
1891-11-04,3
1891-11-05,3
1891-11-06,1
1891-11-07,2
1891-11-09,4
1891-11-10,3
1891-11-11,2
1891-11-12,1
1891-11-14,3
1891-11-16,1
1891-11-17,6
1891-11-18,2
1891-11-19,3
1891-11-20,1
1891-11-22,1
1891-11-23,4
1891-11-24,3
1891-11-25,4
1891-11-26,1
1891-11-27,1
1891-11-28,2
1891-11-29,2
1891-12-01,2
1891-12-02,1
1891-12-04,3
1891-12-06,1
1891-12-08,1
1891-12-10,1
1891-12-11,5
1891-12-12,3
1891-12-13,2
1891-12-14,2
1891-12-15,1
1891-12-16,1
1891-12-18,1
1891-12-19,2
1891-12-20,4
1891-12-22,1
1891-12-23,3
1891-12-24,4
1891-12-25,1
1891-12-27,1
1891-12-28,1
1891-12-30,2
1892-01-01,6
1892-01-02,4
1892-01-03,1
1892-01-12,3
1892-01-13,2
1892-01-15,2
1892-01-18,2
1892-01-21,1
1892-01-22,1
1892-01-26,1
1892-01-28,1
1892-01-29,1
1892-01-30,1
1892-01-31,2
1892-02-01,3
1892-02-03,5
1892-02-04,3
1892-02-05,5
1892-02-06,4
1892-02-07,1
1892-02-09,2
1892-02-11,3
1892-02-12,3
1892-02-14,3
1892-02-15,2
1892-02-16,3
1892-02-17,3
1892-02-18,2
1892-02-19,2
1892-02-21,1
1892-02-22,4
1892-02-23,1
1892-02-24,1
1892-02-25,1
1892-02-26,3
1892-02-27,1
1892-02-28,1
1892-02-29,1
1892-03-01,3
1892-03-02,2
1892-03-03,3
1892-03-04,1
1892-03-05,5
1892-03-06,1
1892-03-07,1
1892-03-10,3
1892-03-11,3
1892-03-12,1
1892-03-15,1
1892-03-17,1
1892-03-21,1
1892-03-23,4
1892-03-24,2
1892-03-29,1
1892-04-01,4
1892-04-02,4
1892-04-03,2
1892-04-04,2
1892-04-08,1
1892-04-11,1
1892-04-13,1
1892-04-15,3
1892-04-16,2
1892-04-18,4
1892-04-19,4
1892-04-21,5
1892-04-22,2
1892-04-24,1
1892-04-25,5
1892-04-26,4
1892-04-27,1
1892-04-28,5
1892-05-01,2
1892-05-02,2
1892-05-03,1
1892-05-04,2
1892-05-08,2
1892-05-09,1
1892-05-12,4
1892-05-13,2
1892-05-14,1
1892-05-15,1
1892-05-16,5
1892-05-17,1
1892-05-22,2
1892-05-23,2
1892-05-26,1
1892-05-27,1
1892-05-29,2
1892-05-30,2
1892-05-31,1
1892-06-01,1
1892-06-03,2
1892-06-05,1
1892-06-07,1
1892-06-08,1
1892-06-11,2
1892-06-12,1
1892-06-13,1
1892-06-15,2
1892-06-16,1
1892-06-20,2
1892-06-22,3
1892-06-24,1
1892-06-27,5
1892-06-28,1
1892-07-05,4
1892-07-06,1
1892-07-08,1
1892-07-16,3
1892-07-17,1
1892-07-19,1
1892-07-22,1
1892-07-24,1
1892-07-26,2
1892-07-28,1
1892-07-29,1
1892-08-01,6
1892-08-04,2
1892-08-06,2
1892-08-07,1
1892-08-09,1
1892-08-11,2
1892-08-14,1
1892-08-15,1
1892-08-18,1
1892-08-21,1
1892-08-22,1
1892-08-23,1
1892-09-01,2
1892-09-03,4
1892-09-04,1
1892-09-09,2
1892-09-10,2
1892-09-14,1
1892-09-15,1
1892-09-16,1
1892-09-22,4
1892-09-23,3
1892-09-24,2
1892-09-26,1
1892-09-27,2
1892-10-01,3
1892-10-04,1
1892-10-07,4
1892-10-14,2
1892-10-15,1
1892-10-17,1
1892-10-18,1
1892-10-19,2
1892-10-20,1
1892-10-21,1
1892-10-22,1
1892-10-23,3
1892-10-26,3
1892-10-27,1
1892-10-29,2
1892-10-30,2
1892-10-31,1
1892-11-01,1
1892-11-02,1
1892-11-05,1
1892-11-06,2
1892-11-07,1
1892-11-08,1
1892-11-09,1
1892-11-12,1
1892-11-15,1
1892-11-16,4
1892-11-17,2
1892-11-18,1
1892-11-21,2
1892-11-25,2
1892-12-04,1
1892-12-08,3
1892-12-09,1
1892-12-11,3
1892-12-12,2
1892-12-24,2
1892-12-26,2
1892-12-27,1
1892-12-31,1
1893-01-01,6
1893-01-04,2
1893-01-25,1
1893-01-30,1
1893-01-31,1
1893-02-01,1
1893-02-03,4
1893-02-04,1
1893-02-05,4
1893-02-06,2
1893-02-08,2
1893-02-09,1
1893-02-12,1
1893-02-13,3
1893-02-14,3
1893-02-16,2
1893-02-20,2
1893-02-21,1
1893-02-23,1
1893-02-25,6
1893-03-01,2
1893-03-03,1
1893-03-11,1
1893-03-12,1
1893-03-15,1
1893-03-17,2
1893-03-23,1
1893-03-30,3
1893-04-01,1
1893-04-03,2
1893-04-15,3
1893-04-16,1
1893-04-27,2
1893-04-30,1
1893-05-01,1
1893-05-03,2
1893-05-04,1
1893-05-05,1
1893-05-06,2
1893-05-13,1
1893-05-14,3
1893-05-15,3
1893-05-16,3
1893-05-17,1
1893-05-18,1
1893-05-20,4
1893-05-21,7
1893-05-23,2
1893-05-24,2
1893-05-27,2
1893-05-28,1
1893-05-29,1
1893-05-31,1
1893-06-01,2
1893-06-02,1
1893-06-03,1
1893-06-04,3
1893-06-05,1
1893-06-07,1
1893-06-10,2
1893-06-16,2
1893-06-18,2
1893-06-20,1
1893-06-21,1
1893-06-22,4
1893-06-24,2
1893-06-25,1
1893-06-27,1
1893-06-28,1
1893-07-01,4
1893-07-02,2
1893-07-10,3
1893-07-11,1
1893-07-13,3
1893-07-15,1
1893-07-17,2
1893-07-18,1
1893-07-19,2
1893-07-20,4
1893-07-31,2
1893-08-01,3
1893-08-03,5
1893-08-04,1
1893-08-05,1
1893-08-09,3
1893-08-15,1
1893-08-16,2
1893-08-17,2
1893-08-22,1
1893-08-23,3
1893-08-24,3
1893-08-31,1
1893-09-04,4
1893-09-08,4
1893-09-09,1
1893-09-11,1
1893-09-12,1
1893-09-14,1
1893-09-15,2
1893-09-17,1
1893-09-18,1
1893-09-21,4
1893-09-23,1
1893-09-24,2
1893-09-25,2
1893-10-04,2
1893-10-05,6
1893-10-06,1
1893-10-08,1
1893-10-11,1
1893-10-18,5
1893-10-20,3
1893-10-22,1
1893-10-23,1
1893-10-24,3
1893-10-27,5
1893-10-30,6
1893-10-31,1
1893-11-01,2
1893-11-02,2
1893-11-03,6
1893-11-04,1
1893-11-05,5
1893-11-06,3
1893-11-10,1
1893-11-11,2
1893-11-12,4
1893-11-17,1
1893-11-18,1
1893-11-19,1
1893-11-20,1
1893-11-24,2
1893-11-25,2
1893-12-01,3
1893-12-03,2
1893-12-09,2
1893-12-10,6
1893-12-17,2
1893-12-22,1
1893-12-23,1
1893-12-24,7
1893-12-25,1
1894-01-01,6
1894-01-02,4
1894-01-05,6
1894-01-12,1
1894-01-17,2
1894-01-23,2
1894-01-24,1
1894-01-25,3
1894-01-26,1
1894-01-28,3
1894-01-29,4
1894-01-30,7
1894-02-01,1
1894-02-03,2
1894-02-06,3
1894-02-07,1
1894-02-08,8
1894-02-09,3
1894-02-12,1
1894-02-15,1
1894-02-16,1
1894-02-18,5
1894-02-21,1
1894-02-23,4
1894-02-24,2
1894-02-26,3
1894-02-28,1
1894-03-02,1
1894-03-05,10
1894-03-06,4
1894-03-07,3
1894-03-09,1
1894-03-10,2
1894-03-12,1
1894-03-14,2
1894-03-16,2
1894-03-17,4
1894-03-18,2
1894-03-19,1
1894-03-22,1
1894-03-23,1
1894-03-24,3
1894-03-25,1
1894-03-26,1
1894-03-27,1
1894-03-28,3
1894-03-29,1
1894-04-01,2
1894-04-04,1
1894-04-06,1
1894-04-07,3
1894-04-14,1
1894-04-21,1
1894-04-22,1
1894-04-27,2
1894-04-28,8
1894-04-29,2
1894-04-30,5
1894-05-01,1
1894-05-02,3
1894-05-03,3
1894-05-05,2
1894-05-07,2
1894-05-08,1
1894-05-09,3
1894-05-11,3
1894-05-12,4
1894-05-13,2
1894-05-14,6
1894-05-15,2
1894-05-23,7
1894-05-24,1
1894-06-01,3
1894-06-02,1
1894-06-03,1
1894-06-04,2
1894-06-06,1
1894-06-07,2
1894-06-11,2
1894-06-12,4
1894-06-13,4
1894-06-14,2
1894-06-15,2
1894-06-20,1
1894-06-23,1
1894-06-24,2
1894-06-25,1
1894-06-26,1
1894-06-27,2
1894-06-29,1
1894-07-01,3
1894-07-06,4
1894-07-07,1
1894-07-08,2
1894-07-09,1
1894-07-10,1
1894-07-11,2
1894-07-12,1
1894-07-13,1
1894-07-14,3
1894-07-15,3
1894-07-17,1
1894-07-19,2
1894-07-21,1
1894-07-23,2
1894-07-27,1
1894-07-28,1
1894-07-29,1
1894-08-02,1
1894-08-07,2
1894-08-09,4
1894-08-10,1
1894-08-11,2
1894-08-12,1
1894-08-13,1
1894-08-14,1
1894-08-15,1
1894-08-16,1
1894-08-17,1
1894-08-18,10
1894-08-19,5
1894-08-20,2
1894-08-21,2
1894-08-22,1
1894-08-23,2
1894-08-25,1
1894-08-27,2
1894-08-28,1
1894-08-29,1
1894-08-30,1
1894-09-01,1
1894-09-02,2
1894-09-03,3
1894-09-04,5
1894-09-06,1
1894-09-07,4
1894-09-08,3
1894-09-09,1
1894-09-10,2
1894-09-11,2
1894-09-12,1
1894-09-14,1
1894-09-15,1
1894-09-16,1
1894-09-17,1
1894-09-18,1
1894-09-19,3
1894-09-20,2
1894-09-21,1
1894-09-22,9
1894-09-23,1
1894-09-24,3
1894-09-25,1
1894-09-26,1
1894-09-27,1
1894-09-28,1
1894-09-29,1
1894-09-30,1
1894-10-01,1
1894-10-03,2
1894-10-04,1
1894-10-05,4
1894-10-06,3
1894-10-07,1
1894-10-08,1
1894-10-09,2
1894-10-10,1
1894-10-13,1
1894-10-14,1
1894-10-15,2
1894-10-17,5
1894-10-18,1
1894-10-19,5
1894-10-20,6
1894-10-21,6
1894-10-22,5
1894-10-23,1
1894-10-24,1
1894-10-25,2
1894-10-26,1
1894-10-27,1
1894-10-28,1
1894-10-29,1
1894-10-30,1
1894-10-31,2
1894-11-01,3
1894-11-02,5
1894-11-03,3
1894-11-04,1
1894-11-05,3
1894-11-09,2
1894-11-10,1
1894-11-11,1
1894-11-16,1
1894-11-17,1
1894-11-20,1
1894-11-26,3
1894-12-02,1
1894-12-09,3
1894-12-11,7
1894-12-18,2
1894-12-19,1
1894-12-22,1
1894-12-23,4
1894-12-25,1
1894-12-26,1
1894-12-31,2
1895-01-01,11
1895-01-03,3
1895-01-04,3
1895-01-06,2
1895-01-07,1
1895-01-09,1
1895-01-12,2
1895-01-14,3
1895-01-16,3
1895-01-18,1
1895-01-27,1
1895-01-29,1
1895-02-01,8
1895-02-02,3
1895-02-03,1
1895-02-09,1
1895-02-10,1
1895-02-11,1
1895-02-14,5
1895-02-15,2
1895-02-16,2
1895-02-17,2
1895-02-18,1
1895-02-19,1
1895-02-21,1
1895-02-22,1
1895-02-24,2
1895-02-26,1
1895-02-28,1
1895-03-01,4
1895-03-02,1
1895-03-04,1
1895-03-05,1
1895-03-08,3
1895-03-09,1
1895-03-12,3
1895-03-13,1
1895-03-14,1
1895-03-16,1
1895-03-18,2
1895-03-22,1
1895-03-23,4
1895-03-27,3
1895-03-28,3
1895-03-31,1
1895-04-01,4
1895-04-06,2
1895-04-10,1
1895-04-11,1
1895-04-14,1
1895-04-17,1
1895-04-19,2
1895-04-25,1
1895-04-26,7
1895-04-28,3
1895-04-29,1
1895-05-01,4
1895-05-03,1
1895-05-04,1
1895-05-05,4
1895-05-07,1
1895-05-12,1
1895-05-13,1
1895-05-14,1
1895-05-15,1
1895-05-16,3
1895-05-18,1
1895-05-19,1
1895-05-20,1
1895-05-21,2
1895-05-25,1
1895-05-26,1
1895-05-29,1
1895-05-31,3
1895-06-04,1
1895-06-07,1
1895-06-08,8
1895-06-12,1
1895-06-13,5
1895-06-17,1
1895-06-18,1
1895-06-19,2
1895-06-22,1
1895-06-28,2
1895-07-01,1
1895-07-02,5
1895-07-03,1
1895-07-04,1
1895-07-10,2
1895-07-12,3
1895-07-13,5
1895-07-14,2
1895-07-26,4
1895-07-29,1
1895-07-30,2
1895-08-01,4
1895-08-05,1
1895-08-10,1
1895-08-18,1
1895-08-19,3
1895-08-26,6
1895-08-29,2
1895-09-01,4
1895-09-04,5
1895-09-07,1
1895-09-08,4
1895-09-09,1
1895-09-10,3
1895-09-11,2
1895-09-13,1
1895-09-14,1
1895-09-18,7
1895-09-21,1
1895-09-22,1
1895-09-23,2
1895-09-24,2
1895-09-25,1
1895-09-26,2
1895-09-27,1
1895-09-29,3
1895-10-02,2
1895-10-03,2
1895-10-05,8
1895-10-06,1
1895-10-07,4
1895-10-08,1
1895-10-10,1
1895-10-11,1
1895-10-12,3
1895-10-13,1
1895-10-14,2
1895-10-16,6
1895-10-19,1
1895-10-20,1
1895-10-21,3
1895-10-24,3
1895-10-25,6
1895-10-26,1
1895-10-27,1
1895-10-28,4
1895-10-30,1
1895-11-01,1
1895-11-02,4
1895-11-04,1
1895-11-07,2
1895-11-08,3
1895-11-09,1
1895-11-12,2
1895-11-14,2
1895-11-18,3
1895-11-21,2
1895-11-28,1
1895-11-30,4
1895-12-01,3
1895-12-04,1
1895-12-07,1
1895-12-12,3
1895-12-16,2
1895-12-18,4
1895-12-19,2
1895-12-22,1
1895-12-24,1
1895-12-28,3
1895-12-31,1
1896-01-01,13
1896-01-05,1
1896-01-06,1
1896-01-12,1
1896-01-16,3
1896-01-18,1
1896-01-22,1
1896-01-23,3
1896-01-24,1
1896-01-25,1
1896-01-26,2
1896-01-28,2
1896-02-01,6
1896-02-04,1
1896-02-05,1
1896-02-06,2
1896-02-12,1
1896-02-13,3
1896-02-14,1
1896-02-16,3
1896-02-18,1
1896-02-19,2
1896-02-22,3
1896-02-26,2
1896-02-27,7
1896-02-28,1
1896-03-03,2
1896-03-05,2
1896-03-06,2
1896-03-07,3
1896-03-08,2
1896-03-09,1
1896-03-12,3
1896-03-13,1
1896-03-15,1
1896-03-16,1
1896-03-18,2
1896-03-20,5
1896-03-21,1
1896-03-22,1
1896-03-23,1
1896-03-24,1
1896-03-27,1
1896-03-28,1
1896-04-02,1
1896-04-05,1
1896-04-07,1
1896-04-12,1
1896-04-19,1
1896-04-20,2
1896-04-28,2
1896-04-29,1
1896-05-01,2
1896-05-02,3
1896-05-03,1
1896-05-04,1
1896-05-05,1
1896-05-06,1
1896-05-09,1
1896-05-10,3
1896-05-11,1
1896-05-12,2
1896-05-16,1
1896-05-17,1
1896-05-23,4
1896-05-29,2
1896-05-31,1
1896-06-06,1
1896-06-07,1
1896-06-09,3
1896-06-19,1
1896-06-27,1
1896-06-28,2
1896-07-01,3
1896-07-04,5
1896-07-05,1
1896-07-19,1
1896-07-26,1
1896-07-30,1
1896-07-31,1
1896-08-01,2
1896-08-02,1
1896-08-04,1
1896-08-20,1
1896-08-23,2
1896-08-31,1
1896-09-01,4
1896-09-03,2
1896-09-04,2
1896-09-09,2
1896-09-11,2
1896-09-13,10
1896-09-14,3
1896-09-15,3
1896-09-16,2
1896-09-17,1
1896-09-23,2
1896-09-26,2
1896-09-28,2
1896-09-30,3
1896-10-01,2
1896-10-03,1
1896-10-09,1
1896-10-10,1
1896-10-11,1
1896-10-12,2
1896-10-13,1
1896-10-14,3
1896-10-17,2
1896-10-18,5
1896-10-19,4
1896-10-22,3
1896-10-23,4
1896-10-25,2
1896-10-26,3
1896-10-29,2
1896-10-30,1
1896-10-31,3
1896-11-01,3
1896-11-02,2
1896-11-03,1
1896-11-10,4
1896-11-11,5
1896-11-12,3
1896-11-13,3
1896-11-14,2
1896-11-16,2
1896-11-17,2
1896-11-20,1
1896-11-23,2
1896-11-24,1
1896-11-25,3
1896-11-27,1
1896-11-29,1
1896-12-02,2
1896-12-04,1
1896-12-05,1
1896-12-06,3
1896-12-08,1
1896-12-17,1
1896-12-18,1
1896-12-26,2
1896-12-27,1
1896-12-29,2
1896-12-31,1
1897-01-01,21
1897-01-04,1
1897-01-05,2
1897-01-06,3
1897-01-07,1
1897-01-11,1
1897-01-12,3
1897-01-13,2
1897-01-15,1
1897-01-18,1
1897-01-19,1
1897-01-25,1
1897-01-27,1
1897-01-29,2
1897-02-01,2
1897-02-02,2
1897-02-04,2
1897-02-06,1
1897-02-08,1
1897-02-11,1
1897-02-12,1
1897-02-13,1
1897-02-15,4
1897-02-16,3
1897-02-17,3
1897-02-18,6
1897-02-19,3
1897-02-21,2
1897-02-22,4
1897-02-23,2
1897-02-24,2
1897-02-25,5
1897-02-26,10
1897-02-28,3
1897-03-01,1
1897-03-02,7
1897-03-03,1
1897-03-04,1
1897-03-06,1
1897-03-08,2
1897-03-09,2
1897-03-10,2
1897-03-11,3
1897-03-12,1
1897-03-13,1
1897-03-15,3
1897-03-18,1
1897-03-22,3
1897-03-27,1
1897-03-30,2
1897-04-01,1
1897-04-02,3
1897-04-03,1
1897-04-04,1
1897-04-09,1
1897-04-10,1
1897-04-13,1
1897-04-14,1
1897-04-15,1
1897-04-17,1
1897-04-30,2
1897-05-01,3
1897-05-03,3
1897-05-05,2
1897-05-07,4
1897-05-09,1
1897-05-10,5
1897-05-12,2
1897-05-16,4
1897-05-17,5
1897-05-18,9
1897-05-19,2
1897-05-22,1
1897-05-26,2
1897-05-30,3
1897-05-31,1
1897-06-06,1
1897-06-11,1
1897-06-12,1
1897-06-13,2
1897-06-15,1
1897-06-19,2
1897-06-20,5
1897-06-21,1
1897-06-22,1
1897-06-23,1
1897-06-28,1
1897-07-01,1
1897-07-08,2
1897-07-12,2
1897-07-14,1
1897-07-15,4
1897-07-16,2
1897-07-17,2
1897-07-18,2
1897-07-19,1
1897-07-21,1
1897-07-23,1
1897-07-27,1
1897-08-07,1
1897-08-08,4
1897-08-09,2
1897-08-12,5
1897-08-13,3
1897-08-15,2
1897-08-16,1
1897-08-19,7
1897-08-20,1
1897-08-24,1
1897-08-25,2
1897-09-01,2
1897-09-02,2
1897-09-03,6
1897-09-12,1
1897-09-14,1
1897-09-15,4
1897-09-18,3
1897-09-19,6
1897-09-20,1
1897-09-21,3
1897-09-22,2
1897-09-23,2
1897-09-26,4
1897-10-01,2
1897-10-02,5
1897-10-03,2
1897-10-05,1
1897-10-06,1
1897-10-07,1
1897-10-08,1
1897-10-09,1
1897-10-12,2
1897-10-13,4
1897-10-14,2
1897-10-15,1
1897-10-16,1
1897-10-17,2
1897-10-18,1
1897-10-19,2
1897-10-20,3
1897-10-21,5
1897-10-22,3
1897-10-24,1
1897-10-26,7
1897-10-27,1
1897-10-28,2
1897-11-07,2
1897-11-08,3
1897-11-09,1
1897-11-10,2
1897-11-11,4
1897-11-12,3
1897-11-15,5
1897-11-17,1
1897-11-18,4
1897-11-20,1
1897-11-21,2
1897-11-22,1
1897-11-25,1
1897-11-26,2
1897-11-27,2
1897-11-28,1
1897-11-29,1
1897-11-30,3
1897-12-01,1
1897-12-02,1
1897-12-03,3
1897-12-05,1
1897-12-06,4
1897-12-07,3
1897-12-08,1
1897-12-10,1
1897-12-11,2
1897-12-13,4
1897-12-14,2
1897-12-16,2
1897-12-17,4
1897-12-19,1
1897-12-20,3
1897-12-21,1
1897-12-25,1
1897-12-26,1
1897-12-27,2
1897-12-28,1
1897-12-30,1
1897-12-31,1
1898-01-01,13
1898-01-02,1
1898-01-04,1
1898-01-09,5
1898-01-10,2
1898-01-16,1
1898-01-18,5
1898-01-19,1
1898-01-20,2
1898-01-21,4
1898-01-23,1
1898-01-25,4
1898-01-26,1
1898-01-29,1
1898-01-30,2
1898-02-01,1
1898-02-02,4
1898-02-03,2
1898-02-04,2
1898-02-05,1
1898-02-06,1
1898-02-09,1
1898-02-12,1
1898-02-13,4
1898-02-14,3
1898-02-16,2
1898-02-17,1
1898-02-18,2
1898-02-19,3
1898-02-20,2
1898-02-25,12
1898-02-28,1
1898-03-01,1
1898-03-02,2
1898-03-03,2
1898-03-04,1
1898-03-08,4
1898-03-10,2
1898-03-11,3
1898-03-12,1
1898-03-15,1
1898-03-17,6
1898-03-18,3
1898-03-19,6
1898-03-20,3
1898-03-21,3
1898-03-22,3
1898-03-23,1
1898-03-24,7
1898-03-25,1
1898-03-26,2
1898-03-28,1
1898-03-29,6
1898-03-30,1
1898-04-01,1
1898-04-02,1
1898-04-04,1
1898-04-05,1
1898-04-06,3
1898-04-07,2
1898-04-10,1
1898-04-11,2
1898-04-12,4
1898-04-13,1
1898-04-17,1
1898-04-19,1
1898-04-27,1
1898-04-29,1
1898-04-30,2
1898-05-01,2
1898-05-03,1
1898-05-04,5
1898-05-05,2
1898-05-06,1
1898-05-09,2
1898-05-10,2
1898-05-12,2
1898-05-14,2
1898-05-15,2
1898-05-19,1
1898-05-20,5
1898-05-21,1
1898-05-22,3
1898-05-23,2
1898-05-24,2
1898-05-25,1
1898-05-27,1
1898-05-30,3
1898-06-06,1
1898-06-07,3
1898-06-09,5
1898-06-12,1
1898-06-13,1
1898-06-14,2
1898-06-15,3
1898-06-17,1
1898-06-20,1
1898-06-22,1
1898-06-24,8
1898-06-26,3
1898-06-27,2
1898-06-28,3
1898-06-30,5
1898-07-01,1
1898-07-06,5
1898-07-09,1
1898-07-10,1
1898-07-13,8
1898-07-14,6
1898-07-16,3
1898-07-17,2
1898-07-18,2
1898-07-19,1
1898-07-20,3
1898-07-21,4
1898-07-28,1
1898-08-01,3
1898-08-03,1
1898-08-04,2
1898-08-05,5
1898-08-07,2
1898-08-11,1
1898-08-12,3
1898-08-14,1
1898-08-17,4
1898-08-18,1
1898-08-20,3
1898-08-23,3
1898-08-24,1
1898-08-25,1
1898-08-27,3
1898-08-29,1
1898-08-30,4
1898-08-31,1
1898-09-01,2
1898-09-02,5
1898-09-03,3
1898-09-09,4
1898-09-11,2
1898-09-12,3
1898-09-17,2
1898-09-18,5
1898-09-19,2
1898-09-20,1
1898-09-24,3
1898-09-25,3
1898-09-29,1
1898-09-30,7
1898-10-04,1
1898-10-06,3
1898-10-09,1
1898-10-12,9
1898-10-14,1
1898-10-15,1
1898-10-16,5
1898-10-19,2
1898-10-20,3
1898-10-21,3
1898-10-22,1
1898-10-24,1
1898-10-25,1
1898-10-29,3
1898-10-30,1
1898-10-31,4
1898-11-01,8
1898-11-02,3
1898-11-03,1
1898-11-07,2
1898-11-08,1
1898-11-12,3
1898-11-14,1
1898-11-15,3
1898-11-17,4
1898-11-18,1
1898-11-20,3
1898-11-21,1
1898-11-23,2
1898-11-24,1
1898-11-25,3
1898-11-26,1
1898-11-27,2
1898-12-01,4
1898-12-04,1
1898-12-05,8
1898-12-07,1
1898-12-09,1
1898-12-11,3
1898-12-12,6
1898-12-16,5
1898-12-29,1
1898-12-30,4
1898-12-31,3
1899-01-01,12
1899-01-02,2
1899-01-04,1
1899-01-07,1
1899-01-12,9
1899-01-16,1
1899-01-19,1
1899-01-23,9
1899-01-24,2
1899-01-25,1
1899-02-01,5
1899-02-05,3
1899-02-07,1
1899-02-10,1
1899-02-12,4
1899-02-13,2
1899-02-14,1
1899-02-15,7
1899-02-16,1
1899-02-19,2
1899-02-20,2
1899-02-21,1
1899-02-22,1
1899-02-23,1
1899-02-26,1
1899-02-28,2
1899-03-01,3
1899-03-02,3
1899-03-03,1
1899-03-05,3
1899-03-07,2
1899-03-09,1
1899-03-10,2
1899-03-11,1
1899-03-12,1
1899-03-14,2
1899-03-15,3
1899-03-16,3
1899-03-20,1
1899-03-22,1
1899-03-24,1
1899-03-26,1
1899-03-27,2
1899-03-28,1
1899-03-29,1
1899-03-30,1
1899-04-01,3
1899-04-03,1
1899-04-04,1
1899-04-05,1
1899-04-06,1
1899-04-21,1
1899-04-25,1
1899-05-01,3
1899-05-03,1
1899-05-04,1
1899-05-05,4
1899-05-07,1
1899-05-08,1
1899-05-09,1
1899-05-10,1
1899-05-13,3
1899-05-14,3
1899-05-15,2
1899-05-21,1
1899-05-26,2
1899-05-27,6
1899-05-28,2
1899-05-29,2
1899-05-30,2
1899-06-01,3
1899-06-03,3
1899-06-06,1
1899-06-07,1
1899-06-08,4
1899-06-09,2
1899-06-11,4
1899-06-14,1
1899-06-15,2
1899-06-17,2
1899-06-19,1
1899-06-20,1
1899-06-21,4
1899-06-22,1
1899-06-24,1
1899-06-26,1
1899-06-27,2
1899-06-28,2
1899-07-04,1
1899-07-05,1
1899-07-06,1
1899-07-07,2
1899-07-08,1
1899-07-09,1
1899-07-10,4
1899-07-13,1
1899-07-14,1
1899-07-19,1
1899-07-20,2
1899-07-24,1
1899-07-26,2
1899-07-28,1
1899-08-01,3
1899-08-03,1
1899-08-06,1
1899-08-07,1
1899-08-08,3
1899-08-10,2
1899-08-22,1
1899-08-25,1
1899-08-27,1
1899-08-28,2
1899-08-31,1
1899-09-01,2
1899-09-03,2
1899-09-06,2
1899-09-08,1
1899-09-16,2
1899-09-17,3
1899-09-25,1
1899-09-26,1
1899-09-27,6
1899-09-28,1
1899-10-01,4
1899-10-02,1
1899-10-05,1
1899-10-06,2
1899-10-08,2
1899-10-09,1
1899-10-13,1
1899-10-14,2
1899-10-16,1
1899-10-22,4
1899-10-23,1
1899-10-27,2
1899-10-30,1
1899-10-31,1
1899-11-01,4
1899-11-04,3
1899-11-06,8
1899-11-07,2
1899-11-08,1
1899-11-16,2
1899-11-19,1
1899-11-20,2
1899-11-28,1
1899-12-01,5
1899-12-05,1
1899-12-12,1
1899-12-13,1
1899-12-14,1
1899-12-15,3
1899-12-18,4
1899-12-19,2
1899-12-20,1
1899-12-25,1
1900-01-01,16
1900-01-02,2
1900-01-07,1
1900-01-08,1
1900-01-16,1
1900-01-25,1
1900-01-27,3
1900-02-01,5
1900-02-05,2
1900-02-08,1
1900-02-09,1
1900-02-18,2
1900-02-21,1
1900-02-24,2
1900-02-25,1
1900-02-26,1
1900-02-27,2
1900-02-28,2
1900-03-01,2
1900-03-03,1
1900-03-07,3
1900-03-10,1
1900-03-12,2
1900-03-13,1
1900-03-14,1
1900-03-19,1
1900-03-20,1
1900-03-23,2
1900-03-24,1
1900-03-28,1
1900-04-01,2
1900-04-02,1
1900-04-03,1
1900-04-06,2
1900-04-08,1
1900-04-12,2
1900-04-28,1
1900-05-01,4
1900-05-02,8
1900-05-04,2
1900-05-05,1
1900-05-06,2
1900-05-07,5
1900-05-08,2
1900-05-10,2
1900-05-12,1
1900-05-13,1
1900-05-14,2
1900-05-15,1
1900-05-17,1
1900-05-18,1
1900-05-19,2
1900-05-20,1
1900-05-23,4
1900-05-27,1
1900-05-30,1
1900-06-01,5
1900-06-02,3
1900-06-03,1
1900-06-05,1
1900-06-08,6
1900-06-09,1
1900-06-11,1
1900-06-20,4
1900-06-21,1
1900-06-23,1
1900-06-29,1
1900-07-01,1
1900-07-09,1
1900-07-11,1
1900-07-12,2
1900-07-20,2
1900-07-24,3
1900-07-27,1
1900-07-31,1
1900-08-01,9
1900-08-02,7
1900-08-03,3
1900-08-06,2
1900-08-07,1
1900-08-09,2
1900-08-15,1
1900-08-21,1
1900-08-25,3
1900-08-26,1
1900-08-27,1
1900-08-30,1
1900-09-01,5
1900-09-03,1
1900-09-06,2
1900-09-07,1
1900-09-09,2
1900-09-10,1
1900-09-11,1
1900-09-14,1
1900-09-17,1
1900-09-18,2
1900-09-20,1
1900-09-22,1
1900-09-23,2
1900-09-28,3
1900-09-30,1
1900-10-01,6
1900-10-02,10
1900-10-03,2
1900-10-04,1
1900-10-05,3
1900-10-06,1
1900-10-09,1
1900-10-10,1
1900-10-13,1
1900-10-14,3
1900-10-15,1
1900-10-16,3
1900-10-18,1
1900-10-19,2
1900-10-20,1
1900-10-22,1
1900-10-25,1
1900-10-26,1
1900-10-27,1
1900-10-28,1
1900-10-29,1
1900-10-30,1
1900-10-31,4
1900-11-01,2
1900-11-05,4
1900-11-06,1
1900-11-07,3
1900-11-12,1
1900-11-14,2
1900-11-19,1
1900-11-23,1
1900-11-24,1
1900-12-01,2
1900-12-05,1
1900-12-06,5
1900-12-07,1
1900-12-08,2
1900-12-11,1
1900-12-12,2
1900-12-13,1
1900-12-14,1
1900-12-15,2
1900-12-17,1
1900-12-19,2
1900-12-20,2
1900-12-21,1
1900-12-23,1
1900-12-24,3
1900-12-27,2
1900-12-28,5
1900-12-29,1
1900-12-30,3
1900-12-31,3
1901-01-01,13
1901-01-08,1
1901-01-09,1
1901-01-12,1
1901-01-17,1
1901-01-18,5
1901-01-19,4
1901-01-20,2
1901-01-24,2
1901-01-28,7
1901-01-30,2
1901-02-01,4
1901-02-02,2
1901-02-06,2
1901-02-08,1
1901-02-11,1
1901-02-15,1
1901-02-19,4
1901-02-20,2
1901-02-21,2
1901-02-24,2
1901-02-25,2
1901-02-27,1
1901-02-28,1
1901-03-01,3
1901-03-02,1
1901-03-07,3
1901-03-08,1
1901-03-18,1
1901-03-19,1
1901-03-20,2
1901-03-21,4
1901-03-22,1
1901-03-26,4
1901-03-28,1
1901-03-30,1
1901-03-31,1
1901-04-01,1
1901-04-03,1
1901-04-04,2
1901-04-08,3
1901-04-12,3
1901-04-20,1
1901-04-22,1
1901-04-27,1
1901-04-29,1
1901-05-01,5
1901-05-03,3
1901-05-05,1
1901-05-06,3
1901-05-07,5
1901-05-10,1
1901-05-11,2
1901-05-13,1
1901-05-16,1
1901-05-21,7
1901-05-23,1
1901-05-26,1
1901-05-27,2
1901-05-29,3
1901-05-30,1
1901-06-01,1
1901-06-06,2
1901-06-07,1
1901-06-08,1
1901-06-09,1
1901-06-11,1
1901-06-20,2
1901-06-22,1
1901-06-25,1
1901-06-28,5
1901-06-30,1
1901-07-01,3
1901-07-03,1
1901-07-05,2
1901-07-08,1
1901-07-10,3
1901-07-13,2
1901-07-16,1
1901-07-18,2
1901-07-20,2
1901-07-22,2
1901-07-25,1
1901-07-28,7
1901-08-01,4
1901-08-07,1
1901-08-08,1
1901-08-09,3
1901-08-10,2
1901-08-12,2
1901-08-15,3
1901-08-18,1
1901-08-21,1
1901-08-23,3
1901-08-26,1
1901-08-28,3
1901-09-01,1
1901-09-04,1
1901-09-05,2
1901-09-08,1
1901-09-14,2
1901-09-16,1
1901-09-18,2
1901-09-19,1
1901-09-21,1
1901-09-23,1
1901-10-01,2
1901-10-03,1
1901-10-04,1
1901-10-10,1
1901-10-13,2
1901-10-16,1
1901-10-17,1
1901-10-19,2
1901-10-27,1
1901-10-29,2
1901-10-30,2
1901-11-01,1
1901-11-06,2
1901-11-07,2
1901-11-10,2
1901-11-11,1
1901-11-22,2
1901-11-24,4
1901-11-29,2
1901-11-30,2
1901-12-01,2
1901-12-02,2
1901-12-10,1
1901-12-23,3
1901-12-26,2
1901-12-30,5
1901-12-31,1
1902-01-01,18
1902-01-02,2
1902-01-04,4
1902-01-05,3
1902-01-06,1
1902-01-07,1
1902-01-10,1
1902-01-11,1
1902-01-16,1
1902-01-17,2
1902-01-18,1
1902-01-20,2
1902-01-22,1
1902-01-23,1
1902-01-25,1
1902-01-29,1
1902-01-30,1
1902-01-31,1
1902-02-01,3
1902-02-02,3
1902-02-03,1
1902-02-05,1
1902-02-10,1
1902-02-21,1
1902-02-22,1
1902-02-23,1
1902-02-24,1
1902-02-25,1
1902-02-27,1
1902-02-28,1
1902-03-01,7
1902-03-02,3
1902-03-03,2
1902-03-06,1
1902-03-08,2
1902-03-14,1
1902-03-15,2
1902-03-16,1
1902-03-18,1
1902-03-20,2
1902-03-21,1
1902-03-23,5
1902-03-26,2
1902-03-27,1
1902-03-30,1
1902-04-01,1
1902-04-02,1
1902-04-05,1
1902-04-10,1
1902-04-11,1
1902-04-12,1
1902-04-14,1
1902-04-15,1
1902-04-16,1
1902-04-19,1
1902-04-22,1
1902-04-24,2
1902-04-27,3
1902-05-01,4
1902-05-09,1
1902-05-15,1
1902-05-19,1
1902-05-20,1
1902-05-22,4
1902-05-23,2
1902-05-24,1
1902-05-25,1
1902-05-26,2
1902-05-27,3
1902-05-28,2
1902-05-31,2
1902-06-02,2
1902-06-03,1
1902-06-04,2
1902-06-06,2
1902-06-11,3
1902-06-12,2
1902-06-18,2
1902-06-21,1
1902-06-23,1
1902-06-24,1
1902-06-25,2
1902-06-29,1
1902-07-01,8
1902-07-02,1
1902-07-04,3
1902-07-05,1
1902-07-06,2
1902-07-07,1
1902-07-08,1
1902-07-09,1
1902-07-10,1
1902-07-11,1
1902-07-12,2
1902-07-13,2
1902-07-15,6
1902-07-17,1
1902-07-18,3
1902-07-20,1
1902-07-22,2
1902-07-24,1
1902-07-26,1
1902-07-27,1
1902-07-28,1
1902-07-29,1
1902-07-30,2
1902-07-31,2
1902-08-01,2
1902-08-02,2
1902-08-03,1
1902-08-04,1
1902-08-05,4
1902-08-06,1
1902-08-07,2
1902-08-08,2
1902-08-09,1
1902-08-10,3
1902-08-11,1
1902-08-12,1
1902-08-13,2
1902-08-14,1
1902-08-15,1
1902-08-16,1
1902-08-17,4
1902-08-18,1
1902-08-19,1
1902-08-20,7
1902-08-21,1
1902-08-22,1
1902-08-23,3
1902-08-24,1
1902-08-25,1
1902-08-26,1
1902-08-27,2
1902-08-28,1
1902-08-29,1
1902-08-30,1
1902-08-31,2
1902-09-01,2
1902-09-02,1
1902-09-03,1
1902-09-04,2
1902-09-05,2
1902-09-06,1
1902-09-07,4
1902-09-08,1
1902-09-09,1
1902-09-10,2
1902-09-11,10
1902-09-12,3
1902-09-13,1
1902-09-14,1
1902-09-15,2
1902-09-16,1
1902-09-17,1
1902-09-18,2
1902-09-19,1
1902-09-20,2
1902-09-21,3
1902-09-22,2
1902-09-23,3
1902-09-24,4
1902-09-25,1
1902-09-26,5
1902-09-27,2
1902-09-28,1
1902-09-29,2
1902-09-30,1
1902-10-01,3
1902-10-02,1
1902-10-03,1
1902-10-04,1
1902-10-05,2
1902-10-06,1
1902-10-07,1
1902-10-08,1
1902-10-09,1
1902-10-10,3
1902-10-11,10
1902-10-12,1
1902-10-13,1
1902-10-14,1
1902-10-15,1
1902-10-16,2
1902-10-17,1
1902-10-18,1
1902-10-19,1
1902-10-20,2
1902-10-21,1
1902-10-22,2
1902-10-23,1
1902-10-24,1
1902-10-25,3
1902-10-26,3
1902-10-27,2
1902-10-28,1
1902-10-29,2
1902-10-30,2
1902-10-31,2
1902-11-01,3
1902-11-02,1
1902-11-03,1
1902-11-04,3
1902-11-05,1
1902-11-06,2
1902-11-07,1
1902-11-08,3
1902-11-09,1
1902-11-10,4
1902-11-11,6
1902-11-12,1
1902-11-13,2
1902-11-14,3
1902-11-15,1
1902-11-16,1
1902-11-17,11
1902-11-18,3
1902-11-19,1
1902-11-20,1
1902-11-21,2
1902-11-22,2
1902-11-23,1
1902-11-24,2
1902-11-25,2
1902-11-26,1
1902-11-27,2
1902-11-28,1
1902-11-29,1
1902-11-30,3
1902-12-01,7
1902-12-02,2
1902-12-03,4
1902-12-04,1
1902-12-05,1
1902-12-06,1
1902-12-07,1
1902-12-08,1
1902-12-09,5
1902-12-10,3
1902-12-11,2
1902-12-12,3
1902-12-13,3
1902-12-14,1
1902-12-15,2
1902-12-16,2
1902-12-17,2
1902-12-18,1
1902-12-19,3
1902-12-20,6
1902-12-21,4
1902-12-22,1
1902-12-23,2
1902-12-24,1
1902-12-25,3
1902-12-26,1
1902-12-27,1
1902-12-28,1
1902-12-29,2
1902-12-30,1
1902-12-31,2
1903-01-01,6
1903-01-02,1
1903-01-04,2
1903-01-06,1
1903-01-07,2
1903-01-08,2
1903-01-09,2
1903-01-11,2
1903-01-13,1
1903-01-14,1
1903-01-15,1
1903-01-16,3
1903-01-17,1
1903-01-18,2
1903-01-19,1
1903-01-21,8
1903-01-22,2
1903-01-26,2
1903-01-28,4
1903-01-29,2
1903-01-30,1
1903-01-31,2
1903-02-01,2
1903-02-02,1
1903-02-03,2
1903-02-06,1
1903-02-09,5
1903-02-13,4
1903-02-14,1
1903-02-15,1
1903-02-19,4
1903-02-21,4
1903-02-23,4
1903-02-26,1
1903-02-28,2
1903-03-01,3
1903-03-02,1
1903-03-06,1
1903-03-07,5
1903-03-08,2
1903-03-09,1
1903-03-10,1
1903-03-12,1
1903-03-19,11
1903-03-20,12
1903-03-21,3
1903-03-26,2
1903-03-29,2
1903-04-01,18
1903-04-03,4
1903-04-07,2
1903-04-19,3
1903-04-26,1
1903-04-27,4
1903-05-01,4
1903-05-02,2
1903-05-03,1
1903-05-04,1
1903-05-05,3
1903-05-06,10
1903-05-07,2
1903-05-10,1
1903-05-11,1
1903-05-12,1
1903-05-18,2
1903-05-22,9
1903-05-23,1
1903-05-24,1
1903-05-29,2
1903-06-01,4
1903-06-03,4
1903-06-05,1
1903-06-06,1
1903-06-07,2
1903-06-11,3
1903-06-14,2
1903-06-15,2
1903-06-26,1
1903-06-30,5
1903-07-03,1
1903-07-08,4
1903-07-10,1
1903-07-13,2
1903-07-28,1
1903-08-01,4
1903-08-02,1
1903-08-09,2
1903-08-10,4
1903-08-11,3
1903-08-16,1
1903-08-17,2
1903-08-18,3
1903-08-20,4
1903-08-22,1
1903-08-23,1
1903-08-24,2
1903-08-25,2
1903-08-31,1
1903-09-01,4
1903-09-02,3
1903-09-04,1
1903-09-06,7
1903-09-07,6
1903-09-11,2
1903-09-13,1
1903-09-14,1
1903-09-20,4
1903-09-25,1
1903-09-27,1
1903-09-28,2
1903-09-30,5
1903-10-01,5
1903-10-04,1
1903-10-05,1
1903-10-06,5
1903-10-08,2
1903-10-09,4
1903-10-10,4
1903-10-11,1
1903-10-20,3
1903-10-22,5
1903-10-24,2
1903-10-27,3
1903-10-28,1
1903-10-30,1
1903-11-01,8
1903-11-02,4
1903-11-06,3
1903-11-12,1
1903-11-15,4
1903-11-17,2
1903-11-19,3
1903-11-21,2
1903-11-25,1
1903-11-27,9
1903-11-28,1
1903-11-29,1
1903-11-30,1
1903-12-01,2
1903-12-04,3
1903-12-10,1
1903-12-11,6
1903-12-13,1
1903-12-18,5
1903-12-22,2
1903-12-30,1
1903-12-31,2
1904-01-01,9
1904-01-02,6
1904-01-03,5
1904-01-06,2
1904-01-11,3
1904-01-12,1
1904-01-14,1
1904-01-16,2
1904-01-18,2
1904-01-19,9
1904-01-20,7
1904-01-22,3
1904-01-23,1
1904-01-26,2
1904-01-27,2
1904-01-28,1
1904-01-30,2
1904-02-01,2
1904-02-02,1
1904-02-04,4
1904-02-08,1
1904-02-09,1
1904-02-11,1
1904-02-16,1
1904-02-18,2
1904-02-19,8
1904-02-23,1
1904-02-25,1
1904-02-27,15
1904-03-01,1
1904-03-03,2
1904-03-04,1
1904-03-07,1
1904-03-08,2
1904-03-09,1
1904-03-10,2
1904-03-12,1
1904-03-13,1
1904-03-14,3
1904-03-15,2
1904-03-16,2
1904-03-17,11
1904-03-20,1
1904-03-21,1
1904-03-22,1
1904-03-29,2
1904-03-31,1
1904-04-01,2
1904-04-04,3
1904-04-05,2
1904-04-06,1
1904-04-07,1
1904-04-09,2
1904-04-12,1
1904-04-13,1
1904-04-15,7
1904-04-17,2
1904-04-18,2
1904-04-19,1
1904-04-22,8
1904-04-26,1
1904-04-27,2
1904-04-29,2
1904-04-30,7
1904-05-01,3
1904-05-04,2
1904-05-07,4
1904-05-08,13
1904-05-11,1
1904-05-12,2
1904-05-13,3
1904-05-14,1
1904-05-18,1
1904-05-20,3
1904-05-21,2
1904-05-23,2
1904-05-24,1
1904-05-25,1
1904-05-28,1
1904-05-30,1
1904-06-01,12
1904-06-02,1
1904-06-03,1
1904-06-04,2
1904-06-05,2
1904-06-10,7
1904-06-11,1
1904-06-13,1
1904-06-14,1
1904-06-15,2
1904-06-19,3
1904-07-01,15
1904-07-02,1
1904-07-03,3
1904-07-12,1
1904-07-13,2
1904-07-14,1
1904-07-15,1
1904-07-27,1
1904-07-31,13
1904-08-02,2
1904-08-03,1
1904-08-12,2
1904-08-14,4
1904-08-15,1
1904-08-18,1
1904-08-20,10
1904-08-21,1
1904-08-25,2
1904-08-26,1
1904-08-30,1
1904-09-13,1
1904-09-16,4
1904-09-17,1
1904-09-18,1
1904-09-20,4
1904-09-24,3
1904-10-03,3
1904-10-05,1
1904-10-09,3
1904-10-22,1
1904-10-23,1
1904-10-25,1
1904-10-26,2
1904-10-31,1
1904-11-17,2
1904-11-18,1
1904-11-20,2
1904-11-22,6
1904-11-24,1
1904-11-27,2
1904-12-02,1
1904-12-16,1
1904-12-19,8
1904-12-20,1
1904-12-25,2
1905-01-01,10
1905-01-02,1
1905-01-05,2
1905-01-12,1
1905-01-14,6
1905-01-15,1
1905-01-16,1
1905-01-19,2
1905-01-20,2
1905-01-21,1
1905-01-22,1
1905-01-24,4
1905-01-28,1
1905-01-30,6
1905-01-31,1
1905-02-01,3
1905-02-02,3
1905-02-09,1
1905-02-11,2
1905-02-12,3
1905-02-13,1
1905-02-18,3
1905-02-24,1
1905-02-28,1
1905-03-01,8
1905-03-02,2
1905-03-03,4
1905-03-04,1
1905-03-05,1
1905-03-06,1
1905-03-07,1
1905-03-08,1
1905-03-09,1
1905-03-10,2
1905-03-11,1
1905-03-18,2
1905-03-20,1
1905-03-22,1
1905-03-30,1
1905-04-03,4
1905-04-06,2
1905-04-07,3
1905-04-16,1
1905-04-17,1
1905-04-21,1
1905-04-24,2
1905-04-27,1
1905-04-28,1
1905-04-30,1
1905-05-04,1
1905-05-09,1
1905-05-10,1
1905-05-19,1
1905-05-24,1
1905-05-28,4
1905-06-06,1
1905-06-07,7
1905-06-12,1
1905-06-16,5
1905-06-18,5
1905-06-21,1
1905-06-24,1
1905-06-29,1
1905-07-01,2
1905-07-02,3
1905-07-03,1
1905-07-04,1
1905-07-05,1
1905-07-06,6
1905-07-11,1
1905-07-16,1
1905-07-28,2
1905-07-31,1
1905-08-01,1
1905-08-03,1
1905-08-10,1
1905-08-11,4
1905-08-13,1
1905-08-17,2
1905-08-19,1
1905-08-20,10
1905-08-26,1
1905-09-01,2
1905-09-04,8
1905-09-05,1
1905-09-07,3
1905-09-08,1
1905-09-14,1
1905-09-15,1
1905-09-16,1
1905-09-17,2
1905-09-22,1
1905-09-25,1
1905-09-26,1
1905-09-27,2
1905-10-05,4
1905-10-06,2
1905-10-07,2
1905-10-15,1
1905-10-18,4
1905-10-26,1
1905-11-03,1
1905-11-04,1
1905-11-10,2
1905-11-11,5
1905-11-13,1
1905-11-15,1
1905-11-16,2
1905-11-17,1
1905-11-22,2
1905-11-24,1
1905-11-30,8
1905-12-01,2
1905-12-02,1
1905-12-04,3
1905-12-09,1
1905-12-19,1
1905-12-20,1
1905-12-21,1
1905-12-24,3
1905-12-27,1
1905-12-30,1
1906-01-01,12
1906-01-04,1
1906-01-05,1
1906-01-06,2
1906-01-07,1
1906-01-11,1
1906-01-12,1
1906-01-14,3
1906-01-15,1
1906-01-16,5
1906-01-18,1
1906-01-19,1
1906-01-22,2
1906-01-23,2
1906-01-29,3
1906-01-30,1
1906-01-31,1
1906-02-01,2
1906-02-02,5
1906-02-06,1
1906-02-10,2
1906-02-13,5
1906-02-18,7
1906-02-20,1
1906-02-21,4
1906-02-23,1
1906-02-26,2
1906-02-27,1
1906-03-01,5
1906-03-02,1
1906-03-03,3
1906-03-04,1
1906-03-05,1
1906-03-09,1
1906-03-10,1
1906-03-11,1
1906-03-12,1
1906-03-13,4
1906-03-14,1
1906-03-15,1
1906-03-18,1
1906-03-19,1
1906-03-20,2
1906-03-22,2
1906-03-23,2
1906-03-24,3
1906-04-01,5
1906-04-02,3
1906-04-06,3
1906-04-12,4
1906-04-13,3
1906-04-15,1
1906-04-17,3
1906-04-18,1
1906-04-19,1
1906-04-20,1
1906-04-22,2
1906-04-25,1
1906-04-26,1
1906-04-30,4
1906-05-02,2
1906-05-16,2
1906-05-21,1
1906-05-25,1
1906-06-01,2
1906-06-04,1
1906-06-09,1
1906-06-10,1
1906-06-12,1
1906-06-13,1
1906-06-15,1
1906-06-16,1
1906-06-18,1
1906-06-20,1
1906-06-21,1
1906-06-23,1
1906-06-26,2
1906-06-27,8
1906-06-30,2
1906-07-01,1
1906-07-07,1
1906-07-10,1
1906-07-11,4
1906-07-13,1
1906-07-14,1
1906-07-15,1
1906-07-20,2
1906-07-21,2
1906-07-22,1
1906-07-23,1
1906-07-31,1
1906-08-01,3
1906-08-15,2
1906-08-17,6
1906-08-28,1
1906-08-30,2
1906-09-01,2
1906-09-06,1
1906-09-14,1
1906-09-20,1
1906-09-22,4
1906-09-24,7
1906-09-25,2
1906-09-27,1
1906-09-28,3
1906-09-29,1
1906-10-01,1
1906-10-03,5
1906-10-05,1
1906-10-07,1
1906-10-10,2
1906-10-22,1
1906-10-23,1
1906-10-24,1
1906-10-25,1
1906-10-26,11
1906-10-29,2
1906-10-30,1
1906-11-01,1
1906-11-12,2
1906-11-13,4
1906-11-14,3
1906-11-16,1
1906-11-17,1
1906-11-19,1
1906-11-20,3
1906-11-21,1
1906-11-22,1
1906-11-25,7
1906-11-26,2
1906-11-27,2
1906-11-29,2
1906-11-30,4
1906-12-01,2
1906-12-02,2
1906-12-03,1
1906-12-06,1
1906-12-10,7
1906-12-13,1
1906-12-22,1
1906-12-27,9
1906-12-28,5
1906-12-30,1
1907-01-01,13
1907-01-02,1
1907-01-03,1
1907-01-04,4
1907-01-05,2
1907-01-06,2
1907-01-07,1
1907-01-08,2
1907-01-09,1
1907-01-10,6
1907-01-11,3
1907-01-12,4
1907-01-13,1
1907-01-14,2
1907-01-15,1
1907-01-16,2
1907-01-17,2
1907-01-18,1
1907-01-19,1
1907-01-20,1
1907-01-21,3
1907-01-22,1
1907-01-23,2
1907-01-24,2
1907-01-25,1
1907-01-26,2
1907-01-27,3
1907-01-28,1
1907-01-29,1
1907-01-30,16
1907-01-31,3
1907-02-01,5
1907-02-02,2
1907-02-03,1
1907-02-04,1
1907-02-05,1
1907-02-06,2
1907-02-07,1
1907-02-08,3
1907-02-09,1
1907-02-10,2
1907-02-11,1
1907-02-12,1
1907-02-13,3
1907-02-14,2
1907-02-15,1
1907-02-16,1
1907-02-17,2
1907-02-18,1
1907-02-19,2
1907-02-20,1
1907-02-21,1
1907-02-22,2
1907-02-23,1
1907-02-24,1
1907-02-25,1
1907-02-26,1
1907-02-27,10
1907-02-28,1
1907-03-01,4
1907-03-02,1
1907-03-03,1
1907-03-04,1
1907-03-05,1
1907-03-06,1
1907-03-07,2
1907-03-08,1
1907-03-09,1
1907-03-10,2
1907-03-11,9
1907-03-12,1
1907-03-13,3
1907-03-14,1
1907-03-15,2
1907-03-16,1
1907-03-17,2
1907-03-18,1
1907-03-19,1
1907-03-20,1
1907-03-21,1
1907-03-22,2
1907-03-23,1
1907-03-24,2
1907-03-25,1
1907-03-26,1
1907-03-27,1
1907-03-28,3
1907-03-29,1
1907-03-30,1
1907-03-31,2
1907-04-01,2
1907-04-02,1
1907-04-03,3
1907-04-04,3
1907-04-05,6
1907-04-06,3
1907-04-09,1
1907-04-10,1
1907-04-11,6
1907-04-12,1
1907-04-13,1
1907-04-14,1
1907-04-15,8
1907-04-16,1
1907-04-18,1
1907-04-19,1
1907-04-20,1
1907-04-21,1
1907-04-22,2
1907-04-23,1
1907-04-24,3
1907-04-25,3
1907-04-27,1
1907-04-30,6
1907-05-01,5
1907-05-02,2
1907-05-03,1
1907-05-04,1
1907-05-05,2
1907-05-06,3
1907-05-07,2
1907-05-08,1
1907-05-10,1
1907-05-11,2
1907-05-12,1
1907-05-13,2
1907-05-14,1
1907-05-16,1
1907-05-17,15
1907-05-18,1
1907-05-19,3
1907-05-20,1
1907-05-21,1
1907-05-22,2
1907-05-23,2
1907-05-24,1
1907-05-26,1
1907-05-27,1
1907-05-28,2
1907-05-29,2
1907-05-30,3
1907-05-31,3
1907-06-01,5
1907-06-02,3
1907-06-03,3
1907-06-04,3
1907-06-05,1
1907-06-06,1
1907-06-07,3
1907-06-08,1
1907-06-09,9
1907-06-10,2
1907-06-11,2
1907-06-12,1
1907-06-13,1
1907-06-14,2
1907-06-15,4
1907-06-16,2
1907-06-17,1
1907-06-18,3
1907-06-19,2
1907-06-20,3
1907-06-21,1
1907-06-22,2
1907-06-23,3
1907-06-24,2
1907-06-25,2
1907-06-26,1
1907-06-27,2
1907-06-28,1
1907-06-29,2
1907-06-30,1
1907-07-01,3
1907-07-02,4
1907-07-03,1
1907-07-04,2
1907-07-05,1
1907-07-06,1
1907-07-07,13
1907-07-08,2
1907-07-09,1
1907-07-10,2
1907-07-11,1
1907-07-13,2
1907-07-14,1
1907-07-15,2
1907-07-16,3
1907-07-18,1
1907-07-20,2
1907-07-21,2
1907-07-22,1
1907-07-23,2
1907-07-25,1
1907-07-26,1
1907-07-27,1
1907-07-28,1
1907-07-30,3
1907-08-01,2
1907-08-02,1
1907-08-03,2
1907-08-04,1
1907-08-05,1
1907-08-06,2
1907-08-07,2
1907-08-08,6
1907-08-09,1
1907-08-10,3
1907-08-11,2
1907-08-12,1
1907-08-13,3
1907-08-14,2
1907-08-15,4
1907-08-16,2
1907-08-17,2
1907-08-18,3
1907-08-19,2
1907-08-20,1
1907-08-21,3
1907-08-22,4
1907-08-23,2
1907-08-24,2
1907-08-25,1
1907-08-26,1
1907-08-27,1
1907-08-28,1
1907-08-29,1
1907-08-30,1
1907-08-31,1
1907-09-01,4
1907-09-02,5
1907-09-03,2
1907-09-04,1
1907-09-05,1
1907-09-06,1
1907-09-07,3
1907-09-08,2
1907-09-09,2
1907-09-10,1
1907-09-11,7
1907-09-12,5
1907-09-13,1
1907-09-14,1
1907-09-15,3
1907-09-16,3
1907-09-17,2
1907-09-21,6
1907-09-24,1
1907-09-25,1
1907-09-26,11
1907-09-27,1
1907-09-28,1
1907-09-29,1
1907-09-30,1
1907-10-01,2
1907-10-04,1
1907-10-06,1
1907-10-07,5
1907-10-09,1
1907-10-10,5
1907-10-11,3
1907-10-12,2
1907-10-13,3
1907-10-14,1
1907-10-15,3
1907-10-16,1
1907-10-17,2
1907-10-18,1
1907-10-20,2
1907-10-24,1
1907-10-26,1
1907-10-27,2
1907-10-28,1
1907-11-01,1
1907-11-02,5
1907-11-04,2
1907-11-07,4
1907-11-08,3
1907-11-09,1
1907-11-10,2
1907-11-11,2
1907-11-12,2
1907-11-13,2
1907-11-14,1
1907-11-16,1
1907-11-17,3
1907-11-20,1
1907-11-22,2
1907-11-24,6
1907-11-25,1
1907-11-27,2
1907-11-29,2
1907-12-01,1
1907-12-06,5
1907-12-07,1
1907-12-08,3
1907-12-10,1
1907-12-11,1
1907-12-13,2
1907-12-14,1
1907-12-15,12
1907-12-16,3
1907-12-18,3
1907-12-19,1
1907-12-21,3
1907-12-22,1
1907-12-23,1
1907-12-26,2
1907-12-27,1
1907-12-28,2
1907-12-29,1
1907-12-30,3
1907-12-31,1
1908-01-01,9
1908-01-02,2
1908-01-03,1
1908-01-04,1
1908-01-05,2
1908-01-06,2
1908-01-07,1
1908-01-08,4
1908-01-09,4
1908-01-10,2
1908-01-11,1
1908-01-12,7
1908-01-13,3
1908-01-14,2
1908-01-15,3
1908-01-16,2
1908-01-17,3
1908-01-18,3
1908-01-20,2
1908-01-21,1
1908-01-22,1
1908-01-26,1
1908-01-27,1
1908-01-28,2
1908-02-01,5
1908-02-03,1
1908-02-05,2
1908-02-06,4
1908-02-08,5
1908-02-09,2
1908-02-10,5
1908-02-11,7
1908-02-12,1
1908-02-13,1
1908-02-14,1
1908-02-15,1
1908-02-18,1
1908-02-20,2
1908-02-22,1
1908-02-23,1
1908-02-24,3
1908-02-27,1
1908-02-28,5
1908-02-29,1
1908-03-01,2
1908-03-05,2
1908-03-06,1
1908-03-07,1
1908-03-08,3
1908-03-09,2
1908-03-10,2
1908-03-11,12
1908-03-12,3
1908-03-15,2
1908-03-16,1
1908-03-17,8
1908-03-18,1
1908-03-21,2
1908-03-23,3
1908-03-24,3
1908-03-25,12
1908-03-27,2
1908-03-29,1
1908-03-30,5
1908-03-31,2
1908-04-01,2
1908-04-02,3
1908-04-03,2
1908-04-04,1
1908-04-06,1
1908-04-07,7
1908-04-08,1
1908-04-09,4
1908-04-10,1
1908-04-11,2
1908-04-12,2
1908-04-14,2
1908-04-16,2
1908-04-17,1
1908-04-19,2
1908-04-20,1
1908-04-21,1
1908-04-22,1
1908-04-23,1
1908-04-26,1
1908-04-28,6
1908-04-30,1
1908-05-01,4
1908-05-02,2
1908-05-03,1
1908-05-04,1
1908-05-06,2
1908-05-08,1
1908-05-09,3
1908-05-10,9
1908-05-11,2
1908-05-12,2
1908-05-13,3
1908-05-14,4
1908-05-15,3
1908-05-16,7
1908-05-17,1
1908-05-18,3
1908-05-20,2
1908-05-21,1
1908-05-25,1
1908-05-26,3
1908-05-27,3
1908-05-28,1
1908-05-29,2
1908-05-30,1
1908-05-31,2
1908-06-01,2
1908-06-02,3
1908-06-03,2
1908-06-04,1
1908-06-05,3
1908-06-06,11
1908-06-07,3
1908-06-08,5
1908-06-09,2
1908-06-10,4
1908-06-11,1
1908-06-12,2
1908-06-13,3
1908-06-14,2
1908-06-15,1
1908-06-16,1
1908-06-17,2
1908-06-18,2
1908-06-21,1
1908-06-22,6
1908-06-23,2
1908-06-24,2
1908-06-25,2
1908-06-26,2
1908-06-27,1
1908-06-28,2
1908-06-30,1
1908-07-02,3
1908-07-03,4
1908-07-04,3
1908-07-06,1
1908-07-07,1
1908-07-08,2
1908-07-09,2
1908-07-10,1
1908-07-11,2
1908-07-12,2
1908-07-13,1
1908-07-14,2
1908-07-15,2
1908-07-18,2
1908-07-19,1
1908-07-20,2
1908-07-21,3
1908-07-22,11
1908-07-23,5
1908-07-25,1
1908-07-28,1
1908-07-30,2
1908-07-31,1
1908-08-04,2
1908-08-05,4
1908-08-06,2
1908-08-08,1
1908-08-10,2
1908-08-11,1
1908-08-12,1
1908-08-15,1
1908-08-16,3
1908-08-17,4
1908-08-18,3
1908-08-20,2
1908-08-21,4
1908-08-22,1
1908-08-23,3
1908-08-24,2
1908-08-25,3
1908-08-26,6
1908-08-28,3
1908-08-29,3
1908-09-01,6
1908-09-02,11
1908-09-03,4
1908-09-08,2
1908-09-12,1
1908-09-13,1
1908-09-14,1
1908-09-15,1
1908-09-16,1
1908-09-18,1
1908-09-20,1
1908-09-21,2
1908-09-26,1
1908-09-28,5
1908-09-29,1
1908-10-01,1
1908-10-02,1
1908-10-08,1
1908-10-12,1
1908-10-16,1
1908-10-22,1
1908-10-26,1
1908-10-28,1
1908-10-30,2
1908-10-31,1
1908-11-01,3
1908-11-03,1
1908-11-06,8
1908-11-07,7
1908-11-09,3
1908-11-10,1
1908-11-12,1
1908-11-13,1
1908-11-15,3
1908-11-17,1
1908-11-18,1
1908-11-20,2
1908-11-21,1
1908-11-23,1
1908-11-24,2
1908-11-28,1
1908-11-30,1
1908-12-02,5
1908-12-03,1
1908-12-04,1
1908-12-06,2
1908-12-07,2
1908-12-08,2
1908-12-10,1
1908-12-13,1
1908-12-14,4
1908-12-15,2
1908-12-16,5
1908-12-17,1
1908-12-18,2
1908-12-19,1
1908-12-20,3
1908-12-21,3
1908-12-24,1
1908-12-25,2
1908-12-26,2
1908-12-27,2
1908-12-28,4
1908-12-29,1
1908-12-30,1
1908-12-31,3
1909-01-01,11
1909-01-02,1
1909-01-03,7
1909-01-04,2
1909-01-05,1
1909-01-06,1
1909-01-07,4
1909-01-08,2
1909-01-11,3
1909-01-12,1
1909-01-13,1
1909-01-14,2
1909-01-15,3
1909-01-16,2
1909-01-19,6
1909-01-21,3
1909-01-23,6
1909-01-24,1
1909-01-26,2
1909-01-28,1
1909-01-29,3
1909-01-30,1
1909-01-31,2
1909-02-01,1
1909-02-03,1
1909-02-04,3
1909-02-05,2
1909-02-06,1
1909-02-07,1
1909-02-09,2
1909-02-10,3
1909-02-11,6
1909-02-12,2
1909-02-13,1
1909-02-14,1
1909-02-16,1
1909-02-17,1
1909-02-18,1
1909-02-20,2
1909-02-21,1
1909-02-23,1
1909-02-25,13
1909-02-26,1
1909-02-27,4
1909-02-28,2
1909-03-01,2
1909-03-03,4
1909-03-04,3
1909-03-05,3
1909-03-06,4
1909-03-07,1
1909-03-09,4
1909-03-10,2
1909-03-11,5
1909-03-12,1
1909-03-13,3
1909-03-14,4
1909-03-15,5
1909-03-18,5
1909-03-19,1
1909-03-20,2
1909-03-21,2
1909-03-22,1
1909-03-23,2
1909-03-24,2
1909-03-25,4
1909-03-28,1
1909-03-30,2
1909-03-31,2
1909-04-01,1
1909-04-02,6
1909-04-03,6
1909-04-04,1
1909-04-05,1
1909-04-07,1
1909-04-09,5
1909-04-10,4
1909-04-11,4
1909-04-14,1
1909-04-15,8
1909-04-16,1
1909-04-19,4
1909-04-21,4
1909-04-23,3
1909-04-24,3
1909-04-26,1
1909-04-27,2
1909-04-28,1
1909-04-30,11
1909-05-01,2
1909-05-02,1
1909-05-03,1
1909-05-05,4
1909-05-06,4
1909-05-07,1
1909-05-08,1
1909-05-09,3
1909-05-10,2
1909-05-11,1
1909-05-12,2
1909-05-13,2
1909-05-14,5
1909-05-15,3
1909-05-16,1
1909-05-17,2
1909-05-18,1
1909-05-20,2
1909-05-21,2
1909-05-22,2
1909-05-25,3
1909-05-27,3
1909-05-28,2
1909-05-29,3
1909-05-30,3
1909-06-01,6
1909-06-02,2
1909-06-03,2
1909-06-04,1
1909-06-05,1
1909-06-06,5
1909-06-07,3
1909-06-08,1
1909-06-10,1
1909-06-11,2
1909-06-12,1
1909-06-13,3
1909-06-15,2
1909-06-16,5
1909-06-17,3
1909-06-18,3
1909-06-19,2
1909-06-20,1
1909-06-21,5
1909-06-23,4
1909-06-24,8
1909-06-25,1
1909-06-26,4
1909-06-28,5
1909-07-01,6
1909-07-02,1
1909-07-03,5
1909-07-05,2
1909-07-07,1
1909-07-08,4
1909-07-09,4
1909-07-10,10
1909-07-12,1
1909-07-13,1
1909-07-14,1
1909-07-15,3
1909-07-16,4
1909-07-19,1
1909-07-20,1
1909-07-21,3
1909-07-22,6
1909-07-23,2
1909-07-24,4
1909-07-25,6
1909-07-26,1
1909-07-27,1
1909-07-31,1
1909-08-01,4
1909-08-02,4
1909-08-03,1
1909-08-04,2
1909-08-05,2
1909-08-06,2
1909-08-08,3
1909-08-10,2
1909-08-11,2
1909-08-13,2
1909-08-15,3
1909-08-16,1
1909-08-17,8
1909-08-18,3
1909-08-19,4
1909-08-20,1
1909-08-21,4
1909-08-23,1
1909-08-24,2
1909-08-25,1
1909-08-26,7
1909-08-27,3
1909-08-29,2
1909-08-30,4
1909-08-31,2
1909-09-01,1
1909-09-02,7
1909-09-05,1
1909-09-06,1
1909-09-07,1
1909-09-08,5
1909-09-09,1
1909-09-11,1
1909-09-12,2
1909-09-13,1
1909-09-14,1
1909-09-15,1
1909-09-16,2
1909-09-17,1
1909-09-18,1
1909-09-19,2
1909-09-20,2
1909-09-21,2
1909-09-22,7
1909-09-23,1
1909-09-24,2
1909-09-26,4
1909-09-27,5
1909-09-28,3
1909-09-29,3
1909-09-30,2
1909-10-01,9
1909-10-03,1
1909-10-04,1
1909-10-05,3
1909-10-07,3
1909-10-09,5
1909-10-10,3
1909-10-11,2
1909-10-12,5
1909-10-13,3
1909-10-14,2
1909-10-15,4
1909-10-16,1
1909-10-17,3
1909-10-18,1
1909-10-19,5
1909-10-20,2
1909-10-21,2
1909-10-22,2
1909-10-23,3
1909-10-24,3
1909-10-25,2
1909-10-26,5
1909-10-27,1
1909-10-28,1
1909-10-30,5
1909-10-31,1
1909-11-01,8
1909-11-02,2
1909-11-04,3
1909-11-05,3
1909-11-06,3
1909-11-07,4
1909-11-08,5
1909-11-09,1
1909-11-10,3
1909-11-11,5
1909-11-12,1
1909-11-13,5
1909-11-14,3
1909-11-15,8
1909-11-16,6
1909-11-17,6
1909-11-19,3
1909-11-20,2
1909-11-23,3
1909-11-24,2
1909-11-25,5
1909-11-26,6
1909-11-27,2
1909-11-28,4
1909-11-29,3
1909-11-30,2
1909-12-01,4
1909-12-04,6
1909-12-05,7
1909-12-06,3
1909-12-07,2
1909-12-09,2
1909-12-10,3
1909-12-11,3
1909-12-12,3
1909-12-13,1
1909-12-14,2
1909-12-15,4
1909-12-17,5
1909-12-19,3
1909-12-20,2
1909-12-21,2
1909-12-23,1
1909-12-24,6
1909-12-25,3
1909-12-27,2
1909-12-29,3
1909-12-31,4
1910-01-01,16
1910-01-02,5
1910-01-03,4
1910-01-04,1
1910-01-05,6
1910-01-07,4
1910-01-08,6
1910-01-09,5
1910-01-10,2
1910-01-11,11
1910-01-12,5
1910-01-14,9
1910-01-15,3
1910-01-16,3
1910-01-17,5
1910-01-18,2
1910-01-19,2
1910-01-20,3
1910-01-21,2
1910-01-22,7
1910-01-23,8
1910-01-24,5
1910-01-25,1
1910-01-26,3
1910-01-28,4
1910-01-29,1
1910-01-30,3
1910-01-31,3
1910-02-01,2
1910-02-02,2
1910-02-03,1
1910-02-04,1
1910-02-05,1
1910-02-06,5
1910-02-07,2
1910-02-08,3
1910-02-09,3
1910-02-11,2
1910-02-12,3
1910-02-13,2
1910-02-14,3
1910-02-15,2
1910-02-16,6
1910-02-17,2
1910-02-18,2
1910-02-19,1
1910-02-20,1
1910-02-21,1
1910-02-22,1
1910-02-23,4
1910-02-24,3
1910-02-25,3
1910-02-26,1
1910-02-27,3
1910-03-01,6
1910-03-02,2
1910-03-03,2
1910-03-04,3
1910-03-05,6
1910-03-06,1
1910-03-07,5
1910-03-08,5
1910-03-09,2
1910-03-10,6
1910-03-11,5
1910-03-12,6
1910-03-13,5
1910-03-14,1
1910-03-15,6
1910-03-16,2
1910-03-17,2
1910-03-18,8
1910-03-19,3
1910-03-20,3
1910-03-21,7
1910-03-22,6
1910-03-23,4
1910-03-24,8
1910-03-25,4
1910-03-26,6
1910-03-27,7
1910-03-28,3
1910-03-29,2
1910-03-30,2
1910-03-31,2
1910-04-01,6
1910-04-02,3
1910-04-03,7
1910-04-04,4
1910-04-05,3
1910-04-06,2
1910-04-07,4
1910-04-08,4
1910-04-09,4
1910-04-10,1
1910-04-11,3
1910-04-12,3
1910-04-13,3
1910-04-14,3
1910-04-15,8
1910-04-16,3
1910-04-17,5
1910-04-19,2
1910-04-20,8
1910-04-21,4
1910-04-22,5
1910-04-23,3
1910-04-24,7
1910-04-25,3
1910-04-26,8
1910-04-27,4
1910-04-28,5
1910-04-29,4
1910-04-30,4
1910-05-01,4
1910-05-02,3
1910-05-03,4
1910-05-04,3
1910-05-05,3
1910-05-06,1
1910-05-07,4
1910-05-08,2
1910-05-09,3
1910-05-10,2
1910-05-11,2
1910-05-12,3
1910-05-13,2
1910-05-14,5
1910-05-15,2
1910-05-16,1
1910-05-17,2
1910-05-18,3
1910-05-19,1
1910-05-20,3
1910-05-21,1
1910-05-22,1
1910-05-23,3
1910-05-25,2
1910-05-26,6
1910-05-27,3
1910-05-28,1
1910-05-29,1
1910-05-30,1
1910-05-31,3
1910-06-01,3
1910-06-03,3
1910-06-04,2
1910-06-05,4
1910-06-06,1
1910-06-07,3
1910-06-08,1
1910-06-09,1
1910-06-10,1
1910-06-11,2
1910-06-12,2
1910-06-13,2
1910-06-14,4
1910-06-15,1
1910-06-16,1
1910-06-17,2
1910-06-18,3
1910-06-19,3
1910-06-20,1
1910-06-21,1
1910-06-22,1
1910-06-23,5
1910-06-24,2
1910-06-25,3
1910-06-26,2
1910-06-27,3
1910-06-28,1
1910-07-01,7
1910-07-04,1
1910-07-05,1
1910-07-06,2
1910-07-07,3
1910-07-08,1
1910-07-09,1
1910-07-10,4
1910-07-11,4
1910-07-12,4
1910-07-13,1
1910-07-14,3
1910-07-15,1
1910-07-16,2
1910-07-17,1
1910-07-18,4
1910-07-19,2
1910-07-20,3
1910-07-21,1
1910-07-22,2
1910-07-23,5
1910-07-24,3
1910-07-25,1
1910-07-26,6
1910-07-27,2
1910-07-28,2
1910-07-29,3
1910-07-30,1
1910-07-31,6
1910-08-01,4
1910-08-02,4
1910-08-03,3
1910-08-04,2
1910-08-05,4
1910-08-06,2
1910-08-07,2
1910-08-08,2
1910-08-09,4
1910-08-10,2
1910-08-11,3
1910-08-12,2
1910-08-13,6
1910-08-14,3
1910-08-15,1
1910-08-16,4
1910-08-17,1
1910-08-18,1
1910-08-19,1
1910-08-20,2
1910-08-21,2
1910-08-22,3
1910-08-23,3
1910-08-24,5
1910-08-25,4
1910-08-26,2
1910-08-27,2
1910-08-28,3
1910-08-29,3
1910-08-30,6
1910-09-01,8
1910-09-02,2
1910-09-03,1
1910-09-04,2
1910-09-05,2
1910-09-06,3
1910-09-07,2
1910-09-08,1
1910-09-09,5
1910-09-10,11
1910-09-12,3
1910-09-13,2
1910-09-14,2
1910-09-16,2
1910-09-17,3
1910-09-18,8
1910-09-19,3
1910-09-20,2
1910-09-21,3
1910-09-22,2
1910-09-24,5
1910-09-25,3
1910-09-26,1
1910-09-27,3
1910-09-28,1
1910-09-29,1
1910-09-30,5
1910-10-01,3
1910-10-02,2
1910-10-03,2
1910-10-04,1
1910-10-05,3
1910-10-06,4
1910-10-07,3
1910-10-08,4
1910-10-09,4
1910-10-10,1
1910-10-11,6
1910-10-12,3
1910-10-13,1
1910-10-14,4
1910-10-15,1
1910-10-16,2
1910-10-17,4
1910-10-18,5
1910-10-19,1
1910-10-20,1
1910-10-21,11
1910-10-22,3
1910-10-23,3
1910-10-24,6
1910-10-25,3
1910-10-26,1
1910-10-27,2
1910-10-28,3
1910-10-29,4
1910-10-30,4
1910-10-31,4
1910-11-01,2
1910-11-03,2
1910-11-05,1
